id_zona;id_modo;quantidade_viagens_produzidas;quantidade_viagens_atraidas
1;1;42628;40503
1;2;968;968
1;3;13715;15839
1;4;259;259
1;5;38;38
1;6;8260;8260
1;7;1366;1277
1;8;270;457
1;9;2569;1770
1;10;2503;2503
1;11;610;0
1;12;155;155
1;13;17013;18456
1;14;0;0
2;1;25391;25359
2;2;6939;6468
2;3;17119;18948
2;4;176;176
2;5;0;0
2;6;12790;12755
2;7;3524;3336
2;8;408;408
2;9;2035;1161
2;10;1405;1405
2;11;0;0
2;12;550;550
2;13;12466;12504
2;14;0;0
3;1;17628;18395
3;2;0;0
3;3;2864;3023
3;4;0;0
3;5;262;262
3;6;5767;5679
3;7;648;556
3;8;32;32
3;9;1446;1446
3;10;2116;2116
3;11;359;359
3;12;1800;1800
3;13;15933;15225
3;14;52;52
4;1;12704;14240
4;2;280;280
4;3;7495;6735
4;4;0;0
4;5;0;0
4;6;10151;10151
4;7;3761;3151
4;8;1142;1321
4;9;1989;1327
4;10;2659;2659
4;11;435;435
4;12;297;297
4;13;23434;23969
4;14;0;0
5;1;54648;56105
5;2;3983;3532
5;3;21319;20818
5;4;0;0
5;5;0;0
5;6;12710;12832
5;7;2241;1989
5;8;320;320
5;9;4428;4884
5;10;1366;1366
5;11;0;0
5;12;1064;1064
5;13;22780;22926
5;14;0;0
6;1;17440;16871
6;2;9303;9543
6;3;11320;12372
6;4;0;0
6;5;288;288
6;6;7834;8326
6;7;830;408
6;8;38;38
6;9;812;975
6;10;2109;2109
6;11;0;0
6;12;4728;4728
6;13;12496;12643
6;14;0;0
7;1;14907;15415
7;2;11775;12899
7;3;8071;7926
7;4;455;455
7;5;377;377
7;6;9034;9936
7;7;2324;1985
7;8;530;530
7;9;1092;785
7;10;928;928
7;11;0;0
7;12;516;516
7;13;11541;11541
7;14;0;0
8;1;1909;2003
8;2;2341;2341
8;3;4056;3284
8;4;0;0
8;5;1168;1196
8;6;2246;2246
8;7;822;1543
8;8;32;32
8;9;534;479
8;10;747;747
8;11;0;0
8;12;895;895
8;13;14303;14246
8;14;0;0
9;1;8158;6473
9;2;1191;1796
9;3;6740;6944
9;4;0;0
9;5;36;0
9;6;5235;5207
9;7;1010;772
9;8;263;263
9;9;937;972
9;10;1960;1960
9;11;0;0
9;12;914;914
9;13;4750;4784
9;14;0;0
10;1;7356;7278
10;2;145;145
10;3;4299;4339
10;4;422;422
10;5;922;957
10;6;2702;3066
10;7;414;386
10;8;0;0
10;9;852;852
10;10;54;54
10;11;10;10
10;12;668;643
10;13;2624;2605
10;14;17;17
11;1;993;944
11;2;1257;1577
11;3;2397;2170
11;4;0;0
11;5;275;275
11;6;1401;1401
11;7;413;396
11;8;62;0
11;9;488;488
11;10;73;73
11;11;0;0
11;12;878;878
11;13;2455;2505
11;14;12;12
12;1;3214;3234
12;2;1681;1831
12;3;6608;6235
12;4;0;0
12;5;142;142
12;6;10935;11380
12;7;2800;4610
12;8;64;64
12;9;1797;2073
12;10;645;645
12;11;541;541
12;12;620;620
12;13;14227;14068
12;14;28;28
13;1;3634;3274
13;2;11545;11545
13;3;1629;1868
13;4;0;0
13;5;34;34
13;6;4652;4699
13;7;3478;4868
13;8;0;0
13;9;2046;1899
13;10;1414;390
13;11;0;0
13;12;556;510
13;13;1780;1639
13;14;0;0
14;1;4862;4849
14;2;10642;11577
14;3;11700;11245
14;4;389;522
14;5;517;517
14;6;4794;4824
14;7;1003;1220
14;8;72;129
14;9;555;569
14;10;957;1980
14;11;855;0
14;12;1259;1329
14;13;6990;7013
14;14;134;0
15;1;6071;5997
15;2;4937;4618
15;3;2450;3063
15;4;226;226
15;5;458;458
15;6;4294;4294
15;7;1106;1044
15;8;0;0
15;9;432;317
15;10;1171;1171
15;11;0;0
15;12;252;252
15;13;4050;4172
15;14;0;0
16;1;7248;7887
16;2;3960;4891
16;3;8989;10457
16;4;0;0
16;5;1132;1132
16;6;3674;3511
16;7;1415;1105
16;8;0;0
16;9;1075;410
16;10;1348;1387
16;11;0;0
16;12;1064;932
16;13;20308;19025
16;14;0;0
17;1;3450;3734
17;2;1826;1826
17;3;3827;3391
17;4;0;0
17;5;50;50
17;6;5142;5142
17;7;491;362
17;8;0;0
17;9;876;822
17;10;48;48
17;11;0;0
17;12;1049;1181
17;13;7855;8060
17;14;0;0
18;1;8832;9737
18;2;3411;2954
18;3;11434;11642
18;4;0;0
18;5;902;902
18;6;10320;10999
18;7;4888;5004
18;8;179;0
18;9;1408;1311
18;10;781;781
18;11;287;287
18;12;2166;2166
18;13;20706;21349
18;14;0;0
19;1;4874;5444
19;2;308;0
19;3;6839;6839
19;4;0;0
19;5;852;852
19;6;9936;9936
19;7;3219;3666
19;8;164;133
19;9;1742;1106
19;10;1068;1076
19;11;0;0
19;12;0;0
19;13;12690;12621
19;14;0;0
20;1;2528;2528
20;2;0;0
20;3;6176;6002
20;4;914;914
20;5;2572;2572
20;6;7357;7357
20;7;759;759
20;8;0;49
20;9;2170;2286
20;10;982;982
20;11;169;169
20;12;0;0
20;13;17486;17486
20;14;0;0
21;1;3608;3995
21;2;251;0
21;3;2609;2794
21;4;0;0
21;5;2301;2301
21;6;4921;4921
21;7;543;543
21;8;0;0
21;9;1080;1080
21;10;1484;1484
21;11;114;114
21;12;712;712
21;13;8152;8161
21;14;0;0
22;1;7136;6877
22;2;0;0
22;3;3833;4268
22;4;0;0
22;5;1557;1557
22;6;3159;3159
22;7;965;755
22;8;0;0
22;9;320;494
22;10;533;533
22;11;0;0
22;12;0;0
22;13;4180;4236
22;14;0;0
23;1;22801;22649
23;2;289;289
23;3;1453;1658
23;4;96;96
23;5;546;546
23;6;8616;8616
23;7;2702;2771
23;8;113;113
23;9;928;970
23;10;1100;1100
23;11;0;0
23;12;38;38
23;13;3546;3554
23;14;0;0
24;1;31354;31044
24;2;0;122
24;3;3664;4090
24;4;0;0
24;5;591;591
24;6;6656;6492
24;7;2321;2533
24;8;195;195
24;9;1706;1430
24;10;391;649
24;11;0;30
24;12;99;99
24;13;9963;10176
24;14;0;0
25;1;3425;2769
25;2;306;0
25;3;7182;7245
25;4;0;0
25;5;740;740
25;6;3814;3859
25;7;716;824
25;8;246;246
25;9;1810;2038
25;10;233;233
25;11;19;19
25;12;405;405
25;13;10406;10624
25;14;0;0
26;1;6332;3661
26;2;584;1157
26;3;4892;7299
26;4;0;0
26;5;654;654
26;6;7106;7246
26;7;1296;1076
26;8;128;306
26;9;672;980
26;10;31;31
26;11;0;0
26;12;1583;1583
26;13;8188;7787
26;14;0;0
27;1;36229;38501
27;2;364;364
27;3;15869;15373
27;4;180;180
27;5;1540;1540
27;6;13625;13533
27;7;3266;3866
27;8;1145;877
27;9;5378;4392
27;10;2405;2405
27;11;65;65
27;12;333;333
27;13;8863;9062
27;14;0;0
28;1;13065;10337
28;2;0;398
28;3;8219;8176
28;4;162;162
28;5;257;257
28;6;11359;11317
28;7;3238;3827
28;8;225;350
28;9;3049;1748
28;10;1367;1367
28;11;30;0
28;12;148;148
28;13;4955;7495
28;14;0;0
29;1;37952;37482
29;2;0;895
29;3;8756;9467
29;4;0;0
29;5;482;482
29;6;25239;24734
29;7;3872;3321
29;8;854;909
29;9;4829;5130
29;10;1956;1956
29;11;0;39
29;12;0;0
29;13;15492;14533
29;14;0;0
30;1;7207;7525
30;2;7;7
30;3;3587;3045
30;4;268;0
30;5;519;787
30;6;7613;7630
30;7;2785;2219
30;8;347;303
30;9;2590;2835
30;10;127;127
30;11;0;0
30;12;264;264
30;13;12653;12751
30;14;52;52
31;1;29739;30658
31;2;0;0
31;3;17552;16992
31;4;0;0
31;5;1007;1007
31;6;17905;17678
31;7;7121;7243
31;8;1084;1135
31;9;5033;5031
31;10;7;7
31;11;0;0
31;12;2224;1203
31;13;17759;18030
31;14;0;0
32;1;30444;29918
32;2;863;863
32;3;10363;12388
32;4;106;106
32;5;36;36
32;6;11769;11733
32;7;1865;1855
32;8;626;445
32;9;8549;8577
32;10;355;355
32;11;51;15
32;12;340;340
32;13;14081;13846
32;14;0;0
33;1;292;311
33;2;48;48
33;3;505;556
33;4;0;0
33;5;787;102
33;6;2921;2921
33;7;280;1004
33;8;15;20
33;9;34;143
33;10;53;53
33;11;0;0
33;12;90;90
33;13;1100;881
33;14;0;0
34;1;2958;3042
34;2;478;478
34;3;2095;1820
34;4;0;0
34;5;840;711
34;6;6751;6810
34;7;2052;2185
34;8;288;302
34;9;1060;1300
34;10;108;108
34;11;108;108
34;12;0;0
34;13;5312;5397
34;14;0;0
35;1;19571;19798
35;2;2832;2832
35;3;12221;12622
35;4;423;691
35;5;938;670
35;6;11378;11075
35;7;3668;4058
35;8;553;553
35;9;3139;3146
35;10;5328;5048
35;11;0;0
35;12;1158;2179
35;13;35499;34245
35;14;0;0
36;1;24485;25107
36;2;361;361
36;3;8630;7993
36;4;143;240
36;5;1600;1600
36;6;18213;18213
36;7;3521;3403
36;8;211;24
36;9;5629;5301
36;10;163;163
36;11;0;0
36;12;137;157
36;13;25558;26084
36;14;0;0
37;1;2422;3217
37;2;1271;1271
37;3;5013;4962
37;4;0;0
37;5;582;554
37;6;5201;5201
37;7;1769;1971
37;8;59;59
37;9;1007;847
37;10;708;708
37;11;0;0
37;12;216;216
37;13;2625;2653
37;14;0;0
38;1;86;29
38;2;0;0
38;3;1603;1670
38;4;0;0
38;5;165;165
38;6;2013;2013
38;7;2069;2244
38;8;0;0
38;9;352;346
38;10;221;221
38;11;0;0
38;12;2312;2312
38;13;2623;2650
38;14;0;0
39;1;4984;4568
39;2;293;293
39;3;8521;8121
39;4;1029;1029
39;5;1322;1322
39;6;3492;3430
39;7;2586;2882
39;8;0;62
39;9;2434;2199
39;10;960;960
39;11;0;0
39;12;0;0
39;13;5564;5324
39;14;0;0
40;1;7489;8197
40;2;0;0
40;3;7326;6097
40;4;0;0
40;5;1209;1279
40;6;4224;4165
40;7;3017;3311
40;8;0;0
40;9;854;731
40;10;908;908
40;11;85;85
40;12;337;337
40;13;7099;7339
40;14;0;0
41;1;9836;7649
41;2;709;709
41;3;8876;11057
41;4;0;0
41;5;4635;4635
41;6;11593;10406
41;7;4547;5270
41;8;94;0
41;9;1269;1269
41;10;334;334
41;11;126;126
41;12;1081;1081
41;13;12070;12492
41;14;0;0
42;1;1549;1514
42;2;1558;1558
42;3;3995;3933
42;4;0;0
42;5;463;463
42;6;2793;2793
42;7;763;856
42;8;0;0
42;9;391;386
42;10;532;532
42;11;0;0
42;12;731;731
42;13;4633;4638
42;14;0;0
43;1;20561;19569
43;2;1516;929
43;3;11068;13902
43;4;0;401
43;5;2694;2293
43;6;18348;18059
43;7;5172;5514
43;8;0;0
43;9;2866;3173
43;10;1070;1070
43;11;0;0
43;12;248;248
43;13;12507;12158
43;14;0;0
44;1;3831;4703
44;2;3143;4017
44;3;9642;7214
44;4;155;0
44;5;774;774
44;6;16082;16564
44;7;4828;5500
44;8;0;0
44;9;3067;3724
44;10;449;449
44;11;0;0
44;12;0;852
44;13;10783;10197
44;14;0;0
45;1;14007;15497
45;2;6851;5856
45;3;9665;9790
45;4;0;0
45;5;3763;3763
45;6;25458;25458
45;7;10693;9809
45;8;104;198
45;9;3028;3317
45;10;2540;1789
45;11;700;700
45;12;0;0
45;13;10847;11289
45;14;0;0
46;1;1882;1963
46;2;2155;2155
46;3;8248;8831
46;4;209;209
46;5;3851;3851
46;6;14951;15834
46;7;1915;1887
46;8;0;0
46;9;1609;1085
46;10;500;500
46;11;0;0
46;12;0;0
46;13;22205;22124
46;14;0;0
47;1;2253;2253
47;2;0;0
47;3;3057;2794
47;4;609;609
47;5;673;673
47;6;10357;10357
47;7;2062;2062
47;8;0;0
47;9;1449;1698
47;10;1051;1051
47;11;329;329
47;12;397;397
47;13;10198;10198
47;14;0;0
48;1;1557;2293
48;2;1494;1494
48;3;6019;5247
48;4;0;155
48;5;2355;2285
48;6;11407;11407
48;7;6231;6890
48;8;0;0
48;9;346;621
48;10;943;943
48;11;346;346
48;12;328;328
48;13;7415;7085
48;14;0;0
49;1;15736;15740
49;2;0;0
49;3;2236;2189
49;4;0;0
49;5;1098;1098
49;6;8196;7850
49;7;1575;1962
49;8;91;58
49;9;2705;2747
49;10;244;244
49;11;0;0
49;12;698;698
49;13;4845;4836
49;14;47;47
50;1;1800;1959
50;2;66;66
50;3;2608;2441
50;4;0;0
50;5;1176;1176
50;6;4217;4236
50;7;407;1100
50;8;253;253
50;9;253;253
50;10;1096;1096
50;11;0;0
50;12;357;357
50;13;5237;4544
50;14;0;0
51;1;8221;8313
51;2;0;0
51;3;2065;2065
51;4;0;0
51;5;1281;1281
51;6;10293;10293
51;7;2008;1892
51;8;164;164
51;9;709;617
51;10;435;435
51;11;0;0
51;12;170;170
51;13;2867;2983
51;14;146;146
52;1;8402;7518
52;2;0;876
52;3;2223;2047
52;4;0;0
52;5;85;85
52;6;8316;8270
52;7;1527;1619
52;8;61;61
52;9;130;229
52;10;179;0
52;11;0;0
52;12;96;96
52;13;3332;3304
52;14;0;0
53;1;15580;14989
53;2;355;355
53;3;9634;10066
53;4;0;0
53;5;739;758
53;6;13554;13634
53;7;3310;3462
53;8;598;598
53;9;1258;1508
53;10;435;354
53;11;188;188
53;12;291;291
53;13;10127;9713
53;14;0;0
54;1;17852;19488
54;2;550;550
54;3;7140;6613
54;4;24;24
54;5;753;753
54;6;12342;12109
54;7;4012;3920
54;8;476;507
54;9;2932;3914
54;10;554;1305
54;11;0;74
54;12;261;261
54;13;9568;9660
54;14;0;0
55;1;15933;16519
55;2;0;652
55;3;2863;2398
55;4;343;343
55;5;1493;1473
55;6;9587;10096
55;7;2515;2188
55;8;15;15
55;9;3295;2783
55;10;3301;3301
55;11;0;0
55;12;864;864
55;13;10511;10628
55;14;0;0
56;1;12063;12133
56;2;0;0
56;3;6774;7142
56;4;0;0
56;5;6587;6587
56;6;7211;7211
56;7;2358;3018
56;8;177;271
56;9;3166;2395
56;10;2045;1314
56;11;0;0
56;12;333;333
56;13;13554;13369
56;14;0;0
57;1;23915;22957
57;2;721;1121
57;3;6480;5577
57;4;0;0
57;5;1798;1798
57;6;14866;13400
57;7;1771;1911
57;8;241;549
57;9;3774;5082
57;10;272;272
57;11;0;0
57;12;803;803
57;13;14911;13512
57;14;47;47
58;1;13689;13939
58;2;181;181
58;3;8676;7200
58;4;267;267
58;5;1991;1991
58;6;17371;17776
58;7;5414;6105
58;8;98;98
58;9;2987;2394
58;10;99;99
58;11;0;0
58;12;427;427
58;13;12218;12487
58;14;0;0
59;1;25093;25372
59;2;0;0
59;3;12722;13100
59;4;0;0
59;5;452;452
59;6;21229;21268
59;7;5645;4336
59;8;1008;1008
59;9;4892;5261
59;10;1270;1270
59;11;39;0
59;12;206;206
59;13;13371;13371
59;14;0;0
60;1;4060;4398
60;2;471;471
60;3;7134;6777
60;4;401;0
60;5;266;667
60;6;13955;14030
60;7;774;1204
60;8;288;288
60;9;3330;3330
60;10;3165;3165
60;11;0;0
60;12;638;638
60;13;6877;6877
60;14;0;0
61;1;13825;14403
61;2;0;0
61;3;6650;6297
61;4;0;0
61;5;3279;3279
61;6;13875;13232
61;7;2243;2497
61;8;0;258
61;9;5497;5163
61;10;2464;2464
61;11;0;0
61;12;0;0
61;13;5379;5323
61;14;0;0
62;1;3611;5017
62;2;609;609
62;3;7497;6429
62;4;0;0
62;5;590;590
62;6;14039;13954
62;7;3826;4984
62;8;1589;384
62;9;1929;1836
62;10;1737;695
62;11;0;0
62;12;2222;2428
62;13;2275;2316
62;14;0;0
63;1;11726;11391
63;2;201;84
63;3;4005;4136
63;4;0;0
63;5;152;152
63;6;8469;8698
63;7;1908;2482
63;8;0;0
63;9;1342;1244
63;10;700;700
63;11;0;0
63;12;151;151
63;13;493;264
63;14;0;0
64;1;17053;15422
64;2;634;507
64;3;11470;11758
64;4;570;570
64;5;1663;1563
64;6;25680;26072
64;7;9487;8810
64;8;501;367
64;9;3158;3182
64;10;5025;5025
64;11;0;142
64;12;2187;2334
64;13;13818;14635
64;14;0;0
65;1;5203;4786
65;2;0;0
65;3;9757;9277
65;4;91;0
65;5;1806;1806
65;6;14454;14601
65;7;6732;6915
65;8;320;436
65;9;2361;2659
65;10;736;736
65;11;0;0
65;12;2378;2378
65;13;9637;9863
65;14;0;0
66;1;12204;12111
66;2;0;0
66;3;9107;9264
66;4;0;0
66;5;359;359
66;6;16253;16169
66;7;11565;11677
66;8;133;133
66;9;1871;1970
66;10;1502;1502
66;11;206;0
66;12;203;203
66;13;7464;7767
66;14;0;0
67;1;2693;1654
67;2;0;1076
67;3;6501;5560
67;4;54;54
67;5;611;611
67;6;8345;8327
67;7;1841;1758
67;8;418;197
67;9;1052;1558
67;10;720;720
67;11;0;0
67;12;929;929
67;13;2324;2422
67;14;0;0
68;1;14800;16455
68;2;2334;1624
68;3;22847;21938
68;4;0;0
68;5;2044;2044
68;6;27702;28404
68;7;4999;5212
68;8;681;561
68;9;5695;4821
68;10;2943;2943
68;11;0;0
68;12;3120;3120
68;13;16755;16686
68;14;369;0
69;1;8365;6391
69;2;608;1051
69;3;15874;18133
69;4;286;286
69;5;2222;2222
69;6;12137;12059
69;7;2025;2350
69;8;241;241
69;9;3420;3192
69;10;1608;1747
69;11;0;0
69;12;4240;4240
69;13;11477;11251
69;14;31;31
70;1;1332;1876
70;2;2878;3046
70;3;12099;13882
70;4;0;0
70;5;894;680
70;6;11466;12098
70;7;3635;4326
70;8;40;40
70;9;2460;1724
70;10;2262;2262
70;11;120;469
70;12;1133;1133
70;13;14313;12775
70;14;0;0
71;1;10713;12560
71;2;692;1063
71;3;8363;7751
71;4;0;0
71;5;1978;1978
71;6;25051;24800
71;7;5638;3714
71;8;192;192
71;9;3479;4691
71;10;1227;1227
71;11;0;0
71;12;8996;8996
71;13;15199;13518
71;14;0;0
72;1;4793;5199
72;2;1570;1570
72;3;5089;5148
72;4;266;266
72;5;2164;2341
72;6;13791;13791
72;7;3356;2666
72;8;424;424
72;9;2330;2288
72;10;1638;1562
72;11;76;40
72;12;557;557
72;13;3573;3649
72;14;0;0
73;1;18320;17428
73;2;20434;23870
73;3;20377;19386
73;4;1908;1908
73;5;385;385
73;6;49602;50206
73;7;5333;5419
73;8;2185;830
73;9;5265;4832
73;10;3777;3777
73;11;512;188
73;12;2667;2461
73;13;21031;22273
73;14;335;335
74;1;31573;31308
74;2;318;0
74;3;8559;8683
74;4;215;215
74;5;540;540
74;6;14604;14604
74;7;1144;1144
74;8;1021;1147
74;9;2920;2528
74;10;2592;2462
74;11;0;0
74;12;531;531
74;13;8759;9638
74;14;0;0
75;1;3654;4456
75;2;1293;612
75;3;3312;3294
75;4;0;0
75;5;1091;1091
75;6;7385;7347
75;7;1520;1661
75;8;1066;754
75;9;990;1002
75;10;1558;1558
75;11;0;0
75;12;818;818
75;13;4746;4702
75;14;0;0
76;1;4578;5158
76;2;536;516
76;3;8207;6539
76;4;21;21
76;5;384;384
76;6;8991;9049
76;7;1807;1666
76;8;572;560
76;9;1475;1637
76;10;797;853
76;11;0;0
76;12;908;908
76;13;3062;3479
76;14;0;0
77;1;19106;21464
77;2;301;935
77;3;16838;16597
77;4;1606;1606
77;5;1117;1584
77;6;16096;16232
77;7;4683;4245
77;8;1190;1231
77;9;8222;7459
77;10;1930;1930
77;11;0;0
77;12;718;718
77;13;11800;11830
77;14;0;0
78;1;12613;12705
78;2;0;0
78;3;4730;4804
78;4;0;0
78;5;1015;853
78;6;8871;8575
78;7;2360;2407
78;8;1304;1203
78;9;2872;2960
78;10;1085;1384
78;11;0;0
78;12;283;475
78;13;9815;9598
78;14;0;0
79;1;27156;27192
79;2;0;0
79;3;11414;13365
79;4;0;204
79;5;1220;1220
79;6;15826;17011
79;7;6374;6578
79;8;623;345
79;9;2629;1705
79;10;792;792
79;11;158;0
79;12;239;220
79;13;12153;11797
79;14;79;79
80;1;10025;10241
80;2;341;452
80;3;10316;10241
80;4;32;32
80;5;2525;2525
80;6;13399;13698
80;7;3210;2751
80;8;400;575
80;9;4058;3832
80;10;1463;1499
80;11;0;0
80;12;1584;1392
80;13;11125;11679
80;14;0;0
81;1;8136;8451
81;2;1664;1327
81;3;11027;10959
81;4;389;517
81;5;841;841
81;6;17453;17533
81;7;5091;5418
81;8;531;531
81;9;3944;3546
81;10;2872;2872
81;11;15;15
81;12;1470;1470
81;13;3881;3881
81;14;0;0
82;1;26220;27091
82;2;6068;8010
82;3;14295;14557
82;4;0;0
82;5;139;71
82;6;31023;30301
82;7;6386;6058
82;8;70;176
82;9;6019;5774
82;10;3979;3979
82;11;302;64
82;12;2304;2304
82;13;13987;14274
82;14;146;0
83;1;11146;13034
83;2;419;0
83;3;9639;8772
83;4;0;0
83;5;2070;2070
83;6;17665;17665
83;7;7054;7388
83;8;563;609
83;9;3435;3426
83;10;1088;974
83;11;0;0
83;12;837;690
83;13;14499;13929
83;14;0;0
84;1;3689;3889
84;2;1994;2176
84;3;7580;7022
84;4;0;0
84;5;827;827
84;6;17582;17582
84;7;3315;3719
84;8;556;549
84;9;2683;2293
84;10;856;856
84;11;0;0
84;12;274;274
84;13;8999;9107
84;14;0;0
85;1;857;1260
85;2;340;340
85;3;716;541
85;4;0;0
85;5;138;138
85;6;4494;4494
85;7;2655;2991
85;8;0;0
85;9;1489;900
85;10;56;56
85;11;0;0
85;12;73;73
85;13;2201;2223
85;14;0;0
86;1;1846;1846
86;2;18;18
86;3;1560;1541
86;4;0;0
86;5;149;149
86;6;1978;1978
86;7;596;596
86;8;0;0
86;9;887;905
86;10;30;30
86;11;0;0
86;12;35;35
86;13;311;311
86;14;0;0
87;1;6077;6018
87;2;43;43
87;3;2983;3232
87;4;380;380
87;5;1378;911
87;6;12219;11917
87;7;4997;4971
87;8;558;558
87;9;2126;2444
87;10;1926;1926
87;11;138;0
87;12;267;267
87;13;3612;3856
87;14;117;117
88;1;7135;7073
88;2;2440;3104
88;3;10687;9813
88;4;0;0
88;5;2645;2645
88;6;27662;27662
88;7;5261;5822
88;8;293;171
88;9;8554;8712
88;10;1058;1058
88;11;0;0
88;12;550;550
88;13;18855;18019
88;14;0;0
89;1;1826;1985
89;2;0;0
89;3;1891;1891
89;4;0;0
89;5;453;453
89;6;5503;5503
89;7;2495;2291
89;8;0;0
89;9;689;734
89;10;0;0
89;11;0;0
89;12;143;143
89;13;1413;1413
89;14;0;0
90;1;1791;2032
90;2;77;0
90;3;5828;6008
90;4;0;0
90;5;1029;1212
90;6;7406;7669
90;7;2184;1882
90;8;139;24
90;9;1713;1349
90;10;411;411
90;11;73;73
90;12;93;93
90;13;5854;6252
90;14;0;0
91;1;6427;6338
91;2;12203;12107
91;3;14299;13494
91;4;0;0
91;5;374;201
91;6;10087;10215
91;7;4449;4319
91;8;0;115
91;9;231;218
91;10;428;428
91;11;0;0
91;12;869;869
91;13;4070;4388
91;14;0;0
92;1;6844;7369
92;2;6640;4583
92;3;7436;7816
92;4;23;23
92;5;59;59
92;6;14940;14940
92;7;1257;1502
92;8;38;0
92;9;810;643
92;10;145;145
92;11;0;0
92;12;55;55
92;13;2252;2325
92;14;0;0
93;1;13409;15456
93;2;14819;14106
93;3;15282;13124
93;4;0;0
93;5;1308;1308
93;6;13296;13475
93;7;4697;5053
93;8;323;180
93;9;2322;2275
93;10;480;480
93;11;0;0
93;12;1462;1462
93;13;6191;6277
93;14;0;0
94;1;6594;6998
94;2;4254;3721
94;3;6652;7348
94;4;0;0
94;5;343;343
94;6;8915;9085
94;7;3519;3682
94;8;20;0
94;9;2097;1558
94;10;135;135
94;11;126;126
94;12;338;338
94;13;6501;6552
94;14;0;0
95;1;2785;2709
95;2;616;238
95;3;2026;1952
95;4;0;0
95;5;1597;1617
95;6;11907;11832
95;7;4114;4742
95;8;135;110
95;9;2522;2049
95;10;580;580
95;11;0;0
95;12;175;175
95;13;4190;4312
95;14;117;117
96;1;3646;3898
96;2;2125;2125
96;3;4112;4002
96;4;0;0
96;5;945;945
96;6;11405;11947
96;7;2957;2833
96;8;48;48
96;9;913;891
96;10;301;301
96;11;0;73
96;12;986;986
96;13;1003;829
96;14;154;154
97;1;1157;1352
97;2;357;357
97;3;3630;3434
97;4;0;0
97;5;1339;1364
97;6;9334;9302
97;7;2309;2538
97;8;81;81
97;9;3027;2613
97;10;578;578
97;11;0;0
97;12;771;1089
97;13;2934;2934
97;14;75;75
98;1;1340;1521
98;2;448;527
98;3;2865;2559
98;4;0;0
98;5;218;218
98;6;6117;6283
98;7;1543;1629
98;8;0;0
98;9;545;568
98;10;793;793
98;11;0;0
98;12;1112;960
98;13;5316;5350
98;14;0;0
99;1;4937;4576
99;2;5657;6061
99;3;3204;3411
99;4;24;24
99;5;99;99
99;6;8056;7975
99;7;2082;2082
99;8;0;0
99;9;918;829
99;10;523;604
99;11;0;0
99;12;0;0
99;13;4332;4504
99;14;0;0
100;1;6294;6725
100;2;14273;14692
100;3;39667;38991
100;4;0;0
100;5;2404;3317
100;6;30066;30089
100;7;9193;8500
100;8;7;7
100;9;2808;2816
100;10;5297;5297
100;11;330;367
100;12;610;610
100;13;18860;18437
100;14;482;259
101;1;3391;3391
101;2;2131;2114
101;3;6063;6215
101;4;0;0
101;5;1888;1888
101;6;8034;8034
101;7;3138;2286
101;8;110;1007
101;9;303;303
101;10;78;78
101;11;0;0
101;12;0;0
101;13;1249;1076
101;14;0;0
102;1;1599;1591
102;2;3147;3147
102;3;3448;3118
102;4;0;0
102;5;2802;2728
102;6;7097;7636
102;7;2276;2360
102;8;160;160
102;9;3355;3399
102;10;964;964
102;11;0;0
102;12;194;194
102;13;2135;2090
102;14;0;0
103;1;38;934
103;2;828;424
103;3;1648;2055
103;4;14;14
103;5;278;278
103;6;2652;4119
103;7;204;187
103;8;7;7
103;9;566;556
103;10;9;9
103;11;0;0
103;12;94;94
103;13;281;281
103;14;259;259
104;1;185;207
104;2;234;681
104;3;1235;983
104;4;14;14
104;5;876;1081
104;6;3510;3479
104;7;1002;1016
104;8;23;23
104;9;642;642
104;10;69;69
104;11;0;0
104;12;94;94
104;13;2116;2097
104;14;0;0
105;1;2145;782
105;2;1724;1724
105;3;3110;4247
105;4;0;0
105;5;1400;1636
105;6;11406;11406
105;7;2265;2156
105;8;0;0
105;9;1407;1686
105;10;718;718
105;11;0;0
105;12;697;697
105;13;4004;4002
105;14;0;0
106;1;3136;3809
106;2;3116;2894
106;3;6403;7460
106;4;0;0
106;5;727;686
106;6;6019;5971
106;7;933;1098
106;8;0;128
106;9;1661;1456
106;10;1896;1896
106;11;0;0
106;12;1102;1102
106;13;4057;3943
106;14;0;0
107;1;3352;3289
107;2;5512;5423
107;3;4612;4631
107;4;0;0
107;5;1199;1611
107;6;12388;12257
107;7;4752;3708
107;8;0;0
107;9;735;779
107;10;1129;1371
107;11;0;0
107;12;0;0
107;13;8984;9218
107;14;0;0
108;1;1197;1124
108;2;4292;6536
108;3;2465;2467
108;4;153;153
108;5;245;278
108;6;7109;7384
108;7;1997;1928
108;8;0;0
108;9;444;116
108;10;1187;1187
108;11;31;31
108;12;497;497
108;13;2595;2595
108;14;0;0
109;1;11954;13152
109;2;4885;4885
109;3;26810;25188
109;4;0;0
109;5;17261;17009
109;6;47018;46476
109;7;17772;18790
109;8;0;0
109;9;1532;2251
109;10;4475;4475
109;11;1419;1419
109;12;881;881
109;13;27007;27007
109;14;0;0
110;1;6154;5996
110;2;9520;8865
110;3;27664;27074
110;4;0;0
110;5;4766;4766
110;6;16160;16160
110;7;3374;3413
110;8;0;0
110;9;1313;2905
110;10;3109;3109
110;11;0;0
110;12;0;0
110;13;25432;25116
110;14;0;0
111;1;534;534
111;2;2004;2004
111;3;11408;11797
111;4;513;513
111;5;6607;6607
111;6;21759;21056
111;7;3353;3806
111;8;0;0
111;9;5797;5344
111;10;7710;7710
111;11;0;0
111;12;0;0
111;13;12957;12957
111;14;0;0
112;1;833;313
112;2;1507;1560
112;3;10503;10786
112;4;357;357
112;5;6626;6878
112;6;16819;16819
112;7;2840;2967
112;8;0;0
112;9;355;355
112;10;3238;3238
112;11;450;450
112;12;636;636
112;13;11621;11621
112;14;497;497
113;1;1515;951
113;2;1138;1302
113;3;8738;9743
113;4;1252;497
113;5;3548;3548
113;6;18777;18484
113;7;6967;6533
113;8;0;0
113;9;653;861
113;10;638;638
113;11;0;0
113;12;390;390
113;13;15489;15489
113;14;0;0
115;1;2799;5058
115;2;2541;2541
115;3;16865;14707
115;4;1189;810
115;5;13862;14241
115;6;12684;12131
115;7;9858;9644
115;8;0;0
115;9;2178;2178
115;10;2285;2285
115;11;0;0
115;12;0;0
115;13;16387;16387
115;14;0;0
116;1;8976;9508
116;2;15132;14221
116;3;53814;55571
116;4;1629;3537
116;5;24286;23907
116;6;24139;23683
116;7;12963;12654
116;8;0;222
116;9;1167;287
116;10;4906;4906
116;11;1005;1005
116;12;0;0
116;13;90705;90705
116;14;0;0
117;1;2343;1117
117;2;2923;2923
117;3;21269;20404
117;4;3210;3210
117;5;6538;6538
117;6;21063;20578
117;7;9547;9547
117;8;0;0
117;9;0;0
117;10;2712;2712
117;11;0;610
117;12;0;0
117;13;17560;17560
117;14;0;0
118;1;529;433
118;2;316;79
118;3;5116;5141
118;4;116;116
118;5;1596;1596
118;6;1963;2135
118;7;1372;1586
118;8;0;0
118;9;0;0
118;10;1542;1542
118;11;0;0
118;12;0;0
118;13;9275;9275
118;14;0;0
119;1;6480;5830
119;2;10211;10874
119;3;27386;27950
119;4;1393;1393
119;5;14964;14964
119;6;18126;18143
119;7;4592;4853
119;8;0;0
119;9;1082;1082
119;10;1307;2017
119;11;0;0
119;12;0;0
119;13;34440;34440
119;14;0;0
121;1;4578;3466
121;2;1056;1056
121;3;32495;34004
121;4;0;0
121;5;8116;7634
121;6;6509;5042
121;7;4438;4921
121;8;0;0
121;9;2686;2686
121;10;502;364
121;11;0;0
121;12;1601;1601
121;13;43699;43699
121;14;0;0
122;1;2631;2302
122;2;1225;1225
122;3;21619;22438
122;4;0;0
122;5;2686;2686
122;6;1743;1743
122;7;748;326
122;8;0;0
122;9;221;221
122;10;0;0
122;11;0;0
122;12;0;0
122;13;26313;26313
122;14;0;0
123;1;1935;1935
123;2;1346;901
123;3;24400;24546
123;4;0;0
123;5;2639;2639
123;6;9654;10765
123;7;5484;6028
123;8;0;0
123;9;1792;0
123;10;1420;1420
123;11;0;0
123;12;0;0
123;13;26570;25541
123;14;0;0
124;1;2310;1926
124;2;639;639
124;3;20813;19179
124;4;0;0
124;5;7630;7630
124;6;12986;13570
124;7;11756;11612
124;8;0;0
124;9;598;785
124;10;1148;1148
124;11;0;0
124;12;462;462
124;13;29804;31587
124;14;0;0
125;1;3880;3262
125;2;0;0
125;3;17922;17959
125;4;0;0
125;5;10019;10019
125;6;16797;18706
125;7;2805;3076
125;8;0;0
125;9;2178;2388
125;10;994;994
125;11;0;0
125;12;0;0
125;13;18745;18712
125;14;0;0
126;1;1825;1915
126;2;382;382
126;3;17443;17853
126;4;0;0
126;5;2830;2830
126;6;11349;11151
126;7;5350;5593
126;8;0;0
126;9;1333;1333
126;10;2525;2525
126;11;539;539
126;12;2311;2311
126;13;14419;13698
126;14;0;0
127;1;2245;2156
127;2;716;716
127;3;32215;31437
127;4;0;0
127;5;8787;8505
127;6;21080;20327
127;7;11185;12758
127;8;123;123
127;9;4348;3564
127;10;4796;4216
127;11;91;91
127;12;191;191
127;13;27216;27531
127;14;0;0
128;1;5233;5073
128;2;0;0
128;3;5001;5177
128;4;0;0
128;5;242;242
128;6;6623;6623
128;7;2422;2302
128;8;0;0
128;9;2941;3080
128;10;177;177
128;11;0;0
128;12;100;100
128;13;835;947
128;14;410;0
129;1;5425;6672
129;2;0;0
129;3;11156;11307
129;4;0;0
129;5;114;114
129;6;9325;9325
129;7;1817;2115
129;8;0;0
129;9;2241;2241
129;10;1404;1404
129;11;0;0
129;12;86;86
129;13;3507;2913
129;14;0;410
130;1;1980;2163
130;2;0;0
130;3;2659;2098
130;4;0;0
130;5;368;368
130;6;2903;2919
130;7;432;463
130;8;0;0
130;9;164;486
130;10;344;337
130;11;0;0
130;12;685;685
130;13;3482;3443
130;14;0;0
131;1;7912;6691
131;2;0;0
131;3;3571;4375
131;4;13;0
131;5;136;136
131;6;3491;3373
131;7;786;926
131;8;0;0
131;9;2269;1119
131;10;245;245
131;11;14;14
131;12;44;44
131;13;734;767
131;14;0;0
132;1;2271;1432
132;2;0;17
132;3;2595;2595
132;4;0;0
132;5;0;0
132;6;1530;2344
132;7;948;1223
132;8;0;0
132;9;0;0
132;10;1280;1280
132;11;0;0
132;12;531;531
132;13;328;898
132;14;1003;1003
133;1;7908;8153
133;2;387;387
133;3;14768;14467
133;4;0;0
133;5;1879;2207
133;6;23472;23472
133;7;5988;5599
133;8;434;434
133;9;4946;5022
133;10;2387;2387
133;11;14;14
133;12;1811;1811
133;13;10783;10766
133;14;0;0
134;1;4723;5218
134;2;873;873
134;3;13760;12340
134;4;0;0
134;5;5579;5579
134;6;20707;20707
134;7;4137;5568
134;8;0;0
134;9;2963;2467
134;10;720;720
134;11;241;1532
134;12;0;0
134;13;9443;9443
134;14;0;0
135;1;7004;7581
135;2;0;0
135;3;16915;17824
135;4;0;0
135;5;5816;5488
135;6;20671;20671
135;7;10210;9819
135;8;0;139
135;9;3719;3134
135;10;1156;1156
135;11;0;0
135;12;1515;1515
135;13;2972;2709
135;14;0;0
136;1;5950;4926
136;2;575;575
136;3;15440;17559
136;4;0;0
136;5;3567;3567
136;6;16732;16956
136;7;5608;4320
136;8;0;0
136;9;930;930
136;10;4422;4422
136;11;205;205
136;12;56;56
136;13;13980;14061
136;14;1780;1780
137;1;2050;2050
137;2;0;0
137;3;14245;13994
137;4;0;0
137;5;5042;4975
137;6;15351;14666
137;7;8240;8070
137;8;210;448
137;9;802;1488
137;10;1202;1202
137;11;0;0
137;12;1811;1811
137;13;21458;21696
137;14;0;0
138;1;2134;2134
138;2;1138;1138
138;3;9685;10002
138;4;0;0
138;5;1554;1554
138;6;6733;6733
138;7;2166;2057
138;8;0;0
138;9;574;683
138;10;772;772
138;11;0;0
138;12;1344;1344
138;13;8112;7812
138;14;0;0
139;1;3159;2938
139;2;556;556
139;3;9810;10518
139;4;0;0
139;5;2419;2701
139;6;14245;14245
139;7;7470;6515
139;8;0;0
139;9;695;695
139;10;203;203
139;11;241;241
139;12;1579;1579
139;13;10318;10318
139;14;0;223
140;1;3681;3681
140;2;741;152
140;3;15558;15859
140;4;0;0
140;5;5523;5523
140;6;4439;4215
140;7;2640;2888
140;8;210;210
140;9;1276;1027
140;10;0;0
140;11;539;539
140;12;0;0
140;13;23450;23668
140;14;0;0
141;1;5561;5561
141;2;0;485
141;3;32183;29159
141;4;0;0
141;5;3347;3347
141;6;21733;21931
141;7;8622;8904
141;8;0;0
141;9;531;3698
141;10;3381;3381
141;11;0;0
141;12;9434;9434
141;13;67344;67095
141;14;0;0
142;1;5542;4801
142;2;1242;1242
142;3;20732;21770
142;4;419;419
142;5;12251;12251
142;6;2207;2207
142;7;2371;2128
142;8;0;0
142;9;281;281
142;10;684;684
142;11;0;0
142;12;1601;1601
142;13;23376;23376
142;14;0;0
144;1;12605;12326
144;2;0;0
144;3;34348;35806
144;4;526;0
144;5;2715;2715
144;6;46122;46122
144;7;15979;14479
144;8;771;639
144;9;7993;6906
144;10;6639;6639
144;11;2583;1291
144;12;2973;2973
144;13;47395;47635
144;14;39;39
145;1;545;545
145;2;0;0
145;3;3540;3381
145;4;0;0
145;5;1416;1416
145;6;2371;2371
145;7;677;753
145;8;131;131
145;9;353;428
145;10;927;927
145;11;0;0
145;12;0;0
145;13;3405;3405
145;14;0;0
147;1;2278;2527
147;2;0;0
147;3;12663;11730
147;4;0;0
147;5;3125;3342
147;6;13588;13588
147;7;673;851
147;8;0;0
147;9;632;632
147;10;597;597
147;11;0;0
147;12;1759;1759
147;13;9957;10197
147;14;0;0
148;1;2631;2631
148;2;0;0
148;3;6892;7824
148;4;0;0
148;5;4707;4707
148;6;7889;7889
148;7;2967;2979
148;8;0;0
148;9;423;232
148;10;1187;1187
148;11;0;0
148;12;1070;1070
148;13;8053;8053
148;14;0;0
149;1;0;0
149;2;0;0
149;3;0;0
149;4;0;0
149;5;0;0
149;6;0;0
149;7;280;280
149;8;0;0
149;9;0;0
149;10;0;0
149;11;0;0
149;12;0;0
149;13;0;0
149;14;0;0
150;1;3939;3543
150;2;0;0
150;3;26088;25589
150;4;0;0
150;5;6658;6658
150;6;6272;6272
150;7;649;649
150;8;0;0
150;9;0;0
150;10;603;603
150;11;0;0
150;12;0;0
150;13;17133;17133
150;14;0;0
151;1;5622;5452
151;2;666;666
151;3;28385;30308
151;4;0;0
151;5;7071;7071
151;6;20317;18506
151;7;7054;7394
151;8;0;0
151;9;2697;1585
151;10;573;573
151;11;2397;0
151;12;0;0
151;13;27656;27585
151;14;235;235
152;1;10121;10366
152;2;276;276
152;3;12516;12959
152;4;0;0
152;5;1785;1785
152;6;18668;18470
152;7;7478;6531
152;8;139;0
152;9;1083;1582
152;10;307;307
152;11;0;0
152;12;405;405
152;13;8224;8145
152;14;0;0
153;1;2015;2636
153;2;0;0
153;3;5572;5048
153;4;211;211
153;5;2264;2264
153;6;10846;10846
153;7;5176;5252
153;8;0;131
153;9;1463;635
153;10;0;0
153;11;0;0
153;12;0;0
153;13;3075;3075
153;14;0;369
154;1;9250;9250
154;2;0;0
154;3;27358;25161
154;4;0;0
154;5;3264;3264
154;6;23705;23903
154;7;7015;6708
154;8;0;0
154;9;1117;1929
154;10;3041;3220
154;11;1291;2803
154;12;0;0
154;13;25134;25134
154;14;0;0
155;1;3533;3383
155;2;0;0
155;3;9446;9675
155;4;0;0
155;5;2562;2345
155;6;2295;2295
155;7;1214;1214
155;8;0;0
155;9;193;193
155;10;2227;2227
155;11;274;274
155;12;0;0
155;13;14234;14234
155;14;0;0
156;1;4943;5143
156;2;0;0
156;3;11277;11710
156;4;0;0
156;5;6561;6561
156;6;22880;22942
156;7;10505;9992
156;8;552;552
156;9;2420;1608
156;10;890;890
156;11;0;886
156;12;557;557
156;13;26403;26816
156;14;0;0
157;1;566;626
157;2;0;0
157;3;5557;5293
157;4;226;226
157;5;4603;4603
157;6;2372;2372
157;7;521;472
157;8;0;0
157;9;60;174
157;10;519;519
157;11;0;0
157;12;2864;2864
157;13;3511;3514
157;14;235;235
158;1;2829;2216
158;2;609;609
158;3;8327;9199
158;4;0;0
158;5;5561;5561
158;6;12381;12793
158;7;7514;6860
158;8;0;0
158;9;4648;3710
158;10;252;252
158;11;0;0
158;12;0;0
158;13;15725;16788
158;14;0;0
159;1;3451;3812
159;2;0;0
159;3;19334;19310
159;4;0;0
159;5;9552;9552
159;6;22558;22892
159;7;6254;5217
159;8;388;388
159;9;3848;3118
159;10;1972;1972
159;11;0;0
159;12;3770;3770
159;13;33092;32026
159;14;0;0
160;1;2489;2753
160;2;1273;892
160;3;9456;11548
160;4;188;188
160;5;4768;4768
160;6;9934;10317
160;7;5680;5489
160;8;330;330
160;9;3213;3436
160;10;1545;1545
160;11;0;0
160;12;471;471
160;13;27611;25682
160;14;0;0
161;1;3675;3314
161;2;2524;2613
161;3;11460;11686
161;4;32;32
161;5;6495;6495
161;6;15592;15497
161;7;6772;7407
161;8;0;0
161;9;2007;1755
161;10;2478;2478
161;11;913;913
161;12;8286;8286
161;13;30318;30001
161;14;1003;1003
162;1;1782;1403
162;2;750;750
162;3;7253;7381
162;4;0;0
162;5;1835;1835
162;6;13720;13720
162;7;1680;1363
162;8;0;0
162;9;2141;1894
162;10;824;824
162;11;0;0
162;12;1028;1470
162;13;13059;13633
162;14;0;0
163;1;3377;3377
163;2;1230;1230
163;3;11202;11354
163;4;550;0
163;5;7014;7014
163;6;21485;21246
163;7;4276;4830
163;8;525;473
163;9;1451;1502
163;10;1671;1671
163;11;0;0
163;12;192;192
163;13;22332;22184
163;14;1780;1780
164;1;2466;2049
164;2;435;435
164;3;5926;6694
164;4;519;519
164;5;0;0
164;6;4022;4022
164;7;1939;1582
164;8;0;0
164;9;272;403
164;10;3197;3197
164;11;0;0
164;12;634;192
164;13;2495;2421
164;14;0;0
165;1;2697;2697
165;2;630;630
165;3;10215;8723
165;4;605;605
165;5;163;163
165;6;2613;2524
165;7;814;787
165;8;0;0
165;9;874;874
165;10;162;162
165;11;19;19
165;12;0;0
165;13;1204;3133
165;14;0;0
166;1;15614;14163
166;2;4026;4026
166;3;16684;17621
166;4;334;334
166;5;4961;5196
166;6;33429;33066
166;7;4594;5143
166;8;474;474
166;9;3111;3061
166;10;1988;1830
166;11;0;0
166;12;0;0
166;13;22514;22514
166;14;0;0
167;1;20503;21176
167;2;9934;10822
167;3;20941;19228
167;4;0;0
167;5;943;1211
167;6;25741;25437
167;7;9949;10320
167;8;220;220
167;9;3043;3083
167;10;705;705
167;11;0;0
167;12;0;0
167;13;10827;10618
167;14;0;0
168;1;10174;10056
168;2;4217;4217
168;3;20087;19684
168;4;9;0
168;5;5386;5386
168;6;15152;14882
168;7;3851;3640
168;8;0;0
168;9;3535;3755
168;10;467;467
168;11;765;765
168;12;443;443
168;13;9697;9774
168;14;0;0
169;1;21646;24301
169;2;2895;2590
169;3;20380;17706
169;4;126;126
169;5;3986;3751
169;6;22677;22677
169;7;7111;7466
169;8;0;0
169;9;879;879
169;10;1277;1277
169;11;10;121
169;12;771;771
169;13;20217;20143
169;14;0;0
170;1;7987;10370
170;2;1143;600
170;3;32283;31892
170;4;0;0
170;5;6710;6710
170;6;27749;27296
170;7;8078;5625
170;8;0;0
170;9;703;1353
170;10;1952;1952
170;11;0;0
170;12;0;0
170;13;29567;29357
170;14;0;0
171;1;7102;7495
171;2;800;800
171;3;13559;12632
171;4;0;0
171;5;1633;1633
171;6;14205;14205
171;7;6393;6556
171;8;0;0
171;9;2681;2582
171;10;992;992
171;11;111;107
171;12;0;0
171;13;20394;20757
171;14;0;0
172;1;5576;8040
172;2;0;0
172;3;16303;14324
172;4;0;0
172;5;83;83
172;6;6477;6259
172;7;2611;2386
172;8;113;113
172;9;701;701
172;10;1831;1831
172;11;220;220
172;12;169;169
172;13;9880;9516
172;14;0;0
173;1;5077;4674
173;2;168;168
173;3;5915;6005
173;4;0;0
173;5;1664;1664
173;6;5096;5391
173;7;3351;3940
173;8;0;0
173;9;557;557
173;10;416;416
173;11;220;220
173;12;0;0
173;13;6235;5964
173;14;0;0
174;1;8173;7537
174;2;1437;1437
174;3;14979;15662
174;4;0;0
174;5;3217;3217
174;6;5420;5420
174;7;312;779
174;8;0;0
174;9;467;0
174;10;698;698
174;11;0;0
174;12;0;0
174;13;19612;19612
174;14;0;0
175;1;3065;3065
175;2;1119;1119
175;3;8651;8309
175;4;389;389
175;5;1271;1271
175;6;3355;3162
175;7;1573;1904
175;8;0;0
175;9;11;11
175;10;0;0
175;11;0;0
175;12;0;0
175;13;4788;4788
175;14;0;0
176;1;5821;5821
176;2;1811;1811
176;3;12179;11809
176;4;0;0
176;5;4278;4278
176;6;7738;8054
176;7;1896;1881
176;8;0;0
176;9;439;672
176;10;969;969
176;11;0;0
176;12;0;0
176;13;17549;16743
176;14;0;0
177;1;1803;1803
177;2;211;211
177;3;4001;3091
177;4;0;0
177;5;1811;1811
177;6;2054;2009
177;7;1694;1694
177;8;0;0
177;9;366;366
177;10;1085;1085
177;11;0;0
177;12;0;0
177;13;6114;6921
177;14;0;0
178;1;337;549
178;2;899;706
178;3;171;689
178;4;0;0
178;5;0;0
178;6;63;63
178;7;36;0
178;8;0;0
178;9;0;0
178;10;0;0
178;11;0;0
178;12;0;0
178;13;7237;6746
178;14;0;0
180;1;12881;12550
180;2;4172;4172
180;3;19757;19083
180;4;0;0
180;5;2900;2900
180;6;11861;10858
180;7;5217;5695
180;8;0;0
180;9;1575;1575
180;10;0;108
180;11;0;0
180;12;0;0
180;13;43619;44110
180;14;0;0
181;1;6045;5525
181;2;1498;1498
181;3;16723;18053
181;4;0;0
181;5;9831;8984
181;6;12875;12612
181;7;4638;4934
181;8;245;245
181;9;1413;1413
181;10;2511;2511
181;11;0;0
181;12;0;0
181;13;15285;15504
181;14;0;0
182;1;6810;7314
182;2;461;461
182;3;9846;9457
182;4;589;589
182;5;2391;3238
182;6;13911;13777
182;7;8480;8135
182;8;113;113
182;9;1084;601
182;10;3445;4544
182;11;0;0
182;12;0;0
182;13;21918;21763
182;14;1485;1485
183;1;4690;5093
183;2;237;237
183;3;15697;14806
183;4;0;0
183;5;5560;5560
183;6;10029;10029
183;7;3748;3804
183;8;0;0
183;9;1377;1377
183;10;1251;1251
183;11;0;0
183;12;0;0
183;13;14455;14880
183;14;495;0
184;1;5700;5791
184;2;0;0
184;3;6207;5825
184;4;207;207
184;5;1683;1683
184;6;3682;3682
184;7;1452;1452
184;8;0;0
184;9;443;443
184;10;2339;2339
184;11;0;0
184;12;0;0
184;13;8308;8308
184;14;0;0
185;1;2670;2773
185;2;304;229
185;3;6373;6593
185;4;137;293
185;5;1170;1170
185;6;5894;5894
185;7;1815;1815
185;8;0;0
185;9;1227;919
185;10;1233;1233
185;11;383;383
185;12;0;0
185;13;20101;19998
185;14;495;990
186;1;946;794
186;2;0;0
186;3;3209;2746
186;4;0;0
186;5;621;621
186;6;3185;3185
186;7;1018;1220
186;8;0;0
186;9;439;439
186;10;1172;1172
186;11;713;713
186;12;0;0
186;13;6100;5928
186;14;0;0
187;1;6033;6030
187;2;3037;3037
187;3;7633;6840
187;4;0;0
187;5;6078;6078
187;6;7365;7245
187;7;3956;3899
187;8;0;0
187;9;1520;2525
187;10;1175;1175
187;11;0;0
187;12;2016;2016
187;13;37415;36467
187;14;0;0
188;1;4998;5730
188;2;1403;2125
188;3;13789;13345
188;4;188;188
188;5;6078;6078
188;6;12603;13227
188;7;8099;7527
188;8;0;0
188;9;155;0
188;10;2823;2823
188;11;780;547
188;12;970;970
188;13;21257;20947
188;14;0;0
189;1;6409;6962
189;2;3224;3008
189;3;17073;17073
189;4;0;0
189;5;8109;8109
189;6;5051;5392
189;7;2643;2643
189;8;256;256
189;9;1557;1557
189;10;1033;1329
189;11;0;0
189;12;0;0
189;13;28773;28773
189;14;0;0
190;1;5869;6802
190;2;3014;3014
190;3;17767;17327
190;4;0;0
190;5;3794;3794
190;6;14627;13963
190;7;3348;3348
190;8;0;155
190;9;1925;1723
190;10;3081;3081
190;11;331;331
190;12;0;0
190;13;12187;11829
190;14;0;0
191;1;3770;3173
191;2;2206;2206
191;3;11897;12226
191;4;0;0
191;5;1455;1455
191;6;12811;12811
191;7;1165;1165
191;8;0;0
191;9;0;0
191;10;915;1622
191;11;0;0
191;12;350;350
191;13;0;0
191;14;0;0
192;1;8088;7016
192;2;0;0
192;3;9012;9431
192;4;0;0
192;5;914;546
192;6;10199;10199
192;7;1112;1112
192;8;0;292
192;9;1287;1782
192;10;583;583
192;11;0;0
192;12;0;0
192;13;19527;19816
192;14;0;0
193;1;2992;2992
193;2;0;0
193;3;6080;5184
193;4;444;444
193;5;5187;5187
193;6;4170;4170
193;7;757;1343
193;8;0;0
193;9;1094;1094
193;10;758;758
193;11;0;0
193;12;0;0
193;13;3295;3295
193;14;0;0
194;1;3654;3654
194;2;144;144
194;3;7322;8095
194;4;0;0
194;5;2302;2302
194;6;2952;2952
194;7;1814;1814
194;8;502;502
194;9;590;0
194;10;958;958
194;11;0;0
194;12;205;205
194;13;11129;10839
194;14;0;0
195;1;5103;5103
195;2;307;307
195;3;9534;8357
195;4;0;0
195;5;6395;6395
195;6;8888;10342
195;7;2398;3513
195;8;0;0
195;9;1138;1138
195;10;1776;1776
195;11;0;0
195;12;1251;1251
195;13;17629;17751
195;14;0;0
196;1;4844;4633
196;2;0;0
196;3;5775;5592
196;4;0;0
196;5;1716;2015
196;6;9629;9629
196;7;6325;5965
196;8;0;0
196;9;1509;1509
196;10;494;494
196;11;0;233
196;12;0;0
196;13;26054;25932
196;14;0;0
197;1;2394;2394
197;2;339;339
197;3;11915;13375
197;4;176;176
197;5;5100;4801
197;6;7629;8568
197;7;5419;4175
197;8;0;0
197;9;392;392
197;10;195;195
197;11;107;0
197;12;653;653
197;13;8736;9046
197;14;0;0
198;1;4268;3733
198;2;2326;2326
198;3;30607;30598
198;4;0;0
198;5;3377;3377
198;6;15599;15839
198;7;5724;5837
198;8;0;0
198;9;2619;2343
198;10;591;591
198;11;0;0
198;12;1242;1242
198;13;21634;21634
198;14;0;0
199;1;10874;9855
199;2;10597;10597
199;3;15830;16921
199;4;786;786
199;5;3095;3095
199;6;18999;18999
199;7;5946;6401
199;8;0;0
199;9;396;166
199;10;0;0
199;11;0;0
199;12;11898;11898
199;13;58307;58307
199;14;0;0
200;1;3297;3379
200;2;5953;5864
200;3;6579;6579
200;4;0;0
200;5;6185;6185
200;6;2184;2184
200;7;1045;1045
200;8;0;0
200;9;804;804
200;10;758;758
200;11;179;179
200;12;2838;2838
200;13;18395;18395
200;14;0;0
201;1;5270;2988
201;2;5798;4708
201;3;15214;17875
201;4;233;233
201;5;5795;5795
201;6;9900;9900
201;7;2127;2127
201;8;0;0
201;9;1324;1324
201;10;698;1367
201;11;0;390
201;12;0;0
201;13;60050;59659
201;14;0;0
202;1;12379;14779
202;2;3954;3954
202;3;17231;14890
202;4;0;0
202;5;4818;4818
202;6;25219;24438
202;7;12502;12713
202;8;256;256
202;9;1436;1712
202;10;3394;2725
202;11;390;0
202;12;1251;1251
202;13;43396;43787
202;14;1302;1302
203;1;8699;7979
203;2;4307;5094
203;3;8867;9493
203;4;0;0
203;5;4901;4901
203;6;2719;2719
203;7;1943;1943
203;8;0;0
203;9;716;716
203;10;1594;1594
203;11;0;0
203;12;391;391
203;13;44503;43668
203;14;1302;1302
204;1;8316;9132
204;2;7604;6561
204;3;30894;26656
204;4;0;485
204;5;5241;5241
204;6;19003;21043
204;7;6549;5799
204;8;0;0
204;9;4324;4623
204;10;3526;3526
204;11;0;0
204;12;0;0
204;13;56006;57722
204;14;0;0
205;1;5931;6754
205;2;9839;8638
205;3;16750;15540
205;4;2185;2185
205;5;10678;10678
205;6;9986;10062
205;7;5469;5142
205;8;810;810
205;9;1636;2153
205;10;1146;850
205;11;0;0
205;12;0;0
205;13;67169;67169
205;14;0;0
206;1;7100;6270
206;2;4918;5154
206;3;11158;11573
206;4;1200;715
206;5;4282;4282
206;6;10254;9018
206;7;3500;3500
206;8;405;405
206;9;4356;4076
206;10;3483;3483
206;11;179;179
206;12;907;907
206;13;23618;23338
206;14;0;0
207;1;9497;9497
207;2;6436;5992
207;3;14140;13549
207;4;987;987
207;5;5796;5796
207;6;19954;19191
207;7;6339;6084
207;8;0;0
207;9;1088;1367
207;10;4636;3818
207;11;199;199
207;12;6459;6459
207;13;72549;72829
207;14;369;369
208;1;10982;9899
208;2;3617;4520
208;3;17219;19254
208;4;207;207
208;5;2766;2429
208;6;20991;20871
208;7;5679;4564
208;8;0;0
208;9;1187;1373
208;10;3180;3180
208;11;255;255
208;12;426;426
208;13;14504;13801
208;14;0;0
209;1;4230;3422
209;2;0;0
209;3;13162;13399
209;4;0;0
209;5;3983;3983
209;6;24604;24604
209;7;7660;7801
209;8;0;0
209;9;907;1158
209;10;560;560
209;11;0;0
209;12;426;426
209;13;12219;12411
209;14;1226;1226
210;1;3815;3834
210;2;3024;3024
210;3;19515;18406
210;4;0;0
210;5;4345;4345
210;6;15781;15781
210;7;4323;4517
210;8;614;614
210;9;2433;3826
210;10;2941;2941
210;11;205;205
210;12;0;0
210;13;5499;5817
210;14;0;0
211;1;3733;3733
211;2;0;0
211;3;18102;18159
211;4;0;0
211;5;4675;4284
211;6;21445;21445
211;7;10254;10667
211;8;0;0
211;9;198;198
211;10;1072;2273
211;11;0;0
211;12;0;0
211;13;10572;10377
211;14;167;167
212;1;2992;3334
212;2;437;0
212;3;15270;14662
212;4;0;0
212;5;5565;5565
212;6;9751;9751
212;7;2181;3611
212;8;0;0
212;9;3318;2267
212;10;2612;2612
212;11;255;255
212;12;0;0
212;13;12741;13230
212;14;305;305
213;1;5907;5621
213;2;210;210
213;3;14902;15620
213;4;0;0
213;5;8534;8534
213;6;16880;16528
213;7;8220;9461
213;8;0;0
213;9;2014;1569
213;10;2430;2430
213;11;616;616
213;12;0;0
213;13;15574;14383
213;14;0;0
214;1;4376;4688
214;2;244;244
214;3;8802;8026
214;4;0;0
214;5;2523;3058
214;6;11606;11606
214;7;4471;3982
214;8;0;0
214;9;861;1168
214;10;947;891
214;11;0;0
214;12;0;0
214;13;4649;4649
214;14;0;0
215;1;7774;7774
215;2;0;0
215;3;11654;10794
215;4;0;0
215;5;3387;3387
215;6;15931;15688
215;7;4348;5014
215;8;0;0
215;9;171;440
215;10;1614;1670
215;11;0;0
215;12;0;0
215;13;14224;14103
215;14;813;813
216;1;9987;8882
216;2;0;0
216;3;4784;5950
216;4;0;0
216;5;1955;1955
216;6;11292;12294
216;7;7847;7847
216;8;0;0
216;9;2316;2316
216;10;1701;1701
216;11;0;425
216;12;669;669
216;13;20301;19876
216;14;0;0
217;1;5810;5810
217;2;0;0
217;3;3715;3715
217;4;0;0
217;5;5429;5429
217;6;4511;4589
217;7;3412;3334
217;8;0;0
217;9;1565;1565
217;10;372;372
217;11;0;0
217;12;0;0
217;13;8540;8540
217;14;0;0
218;1;12445;12760
218;2;0;0
218;3;20862;21184
218;4;0;0
218;5;3795;3795
218;6;16484;16484
218;7;5619;4519
218;8;0;0
218;9;3826;3673
218;10;666;666
218;11;425;0
218;12;4164;4164
218;13;40051;41108
218;14;0;0
219;1;6287;6287
219;2;0;0
219;3;6876;6344
219;4;0;0
219;5;4720;4720
219;6;19476;19476
219;7;8322;8435
219;8;0;0
219;9;371;761
219;10;0;0
219;11;0;0
219;12;0;0
219;13;21561;21561
219;14;1616;1616
220;1;5385;4858
220;2;431;431
220;3;10435;9588
220;4;0;0
220;5;502;911
220;6;8593;8593
220;7;5849;5977
220;8;0;0
220;9;0;792
220;10;968;968
220;11;541;541
220;12;0;0
220;13;17238;17238
220;14;0;0
221;1;3541;3186
221;2;216;216
221;3;14122;15812
221;4;0;0
221;5;6103;6586
221;6;17493;17493
221;7;8356;6034
221;8;0;0
221;9;1082;1226
221;10;1308;1308
221;11;0;0
221;12;2769;2769
221;13;18228;18678
221;14;0;0
222;1;4211;3914
222;2;902;621
222;3;14235;14706
222;4;0;0
222;5;6667;6114
222;6;19837;19391
222;7;5931;5069
222;8;0;0
222;9;767;980
222;10;2593;2593
222;11;0;0
222;12;2502;2502
222;13;14278;15589
222;14;160;160
223;1;3224;3380
223;2;820;1008
223;3;11373;11605
223;4;0;0
223;5;4228;4228
223;6;5405;5603
223;7;2496;2298
223;8;155;0
223;9;3655;2243
223;10;882;882
223;11;389;389
223;12;0;0
223;13;13850;15068
223;14;0;0
224;1;0;0
224;2;0;0
224;3;871;871
224;4;0;0
224;5;1055;1055
224;6;2264;2264
224;7;747;747
224;8;0;0
224;9;1408;1408
224;10;0;0
224;11;0;0
224;12;739;739
224;13;361;361
224;14;0;0
225;1;4577;4668
225;2;1431;1431
225;3;15780;16355
225;4;285;285
225;5;4196;4196
225;6;8561;8561
225;7;5117;5117
225;8;0;0
225;9;0;0
225;10;2278;2278
225;11;0;0
225;12;0;0
225;13;18282;17991
225;14;0;0
226;1;12288;12447
226;2;6523;6109
226;3;23995;24683
226;4;0;0
226;5;11598;11698
226;6;16081;17021
226;7;10190;9998
226;8;0;0
226;9;3306;2746
226;10;1595;1595
226;11;0;0
226;12;0;0
226;13;27979;27475
226;14;0;0
227;1;4868;4836
227;2;8164;12567
227;3;22637;23325
227;4;0;0
227;5;2519;2519
227;6;11664;10745
227;7;4516;4599
227;8;0;0
227;9;4568;1553
227;10;542;542
227;11;0;0
227;12;391;391
227;13;38397;36415
227;14;0;0
228;1;7807;10926
228;2;2682;2682
228;3;9913;8887
228;4;0;0
228;5;3914;3914
228;6;5069;4601
228;7;671;1019
228;8;0;0
228;9;253;253
228;10;207;207
228;11;0;0
228;12;0;0
228;13;31151;31775
228;14;0;0
229;1;13257;13111
229;2;10270;10148
229;3;36765;35876
229;4;605;937
229;5;9631;9300
229;6;16729;16627
229;7;15243;15633
229;8;0;0
229;9;2367;2068
229;10;4325;3618
229;11;346;346
229;12;0;0
229;13;101639;101420
229;14;749;749
230;1;5019;5830
230;2;1700;837
230;3;24025;24466
230;4;332;0
230;5;2246;2578
230;6;8097;7558
230;7;6131;5700
230;8;0;0
230;9;2172;2172
230;10;256;256
230;11;616;616
230;12;0;0
230;13;44622;45768
230;14;0;0
231;1;3769;3769
231;2;0;0
231;3;13097;13097
231;4;938;938
231;5;8171;8171
231;6;7424;7424
231;7;2542;2542
231;8;0;0
231;9;2637;2637
231;10;1173;1173
231;11;188;188
231;12;0;0
231;13;8839;8839
231;14;0;0
232;1;3937;3937
232;2;327;327
232;3;13940;13561
232;4;0;0
232;5;3700;3700
232;6;13691;13310
232;7;4743;5193
232;8;0;0
232;9;0;1413
232;10;2271;2271
232;11;192;192
232;12;0;0
232;13;25673;23811
232;14;727;727
233;1;6722;7367
233;2;441;441
233;3;14073;13987
233;4;291;0
233;5;11829;11829
233;6;12649;12649
233;7;4030;4189
233;8;0;0
233;9;4542;4542
233;10;938;938
233;11;0;0
233;12;852;0
233;13;26033;26033
233;14;0;0
234;1;5734;5734
234;2;507;507
234;3;10866;11570
234;4;521;521
234;5;5672;5672
234;6;8130;8130
234;7;5871;5544
234;8;0;0
234;9;3293;2952
234;10;2775;2775
234;11;0;0
234;12;0;0
234;13;38598;38598
234;14;0;0
235;1;4433;6846
235;2;0;0
235;3;14971;14971
235;4;0;0
235;5;5253;5253
235;6;15547;15547
235;7;1394;1394
235;8;0;0
235;9;442;442
235;10;1987;1987
235;11;682;682
235;12;0;0
235;13;40899;39232
235;14;0;0
236;1;3853;3943
236;2;1262;1262
236;3;8542;7424
236;4;0;0
236;5;1104;968
236;6;6904;6818
236;7;4121;4458
236;8;0;0
236;9;789;1431
236;10;427;427
236;11;0;682
236;12;106;106
236;13;6280;6450
236;14;0;0
237;1;3850;4166
237;2;439;1069
237;3;6400;6778
237;4;89;89
237;5;1089;1089
237;6;10229;10229
237;7;4735;4830
237;8;58;58
237;9;1876;2021
237;10;1925;1925
237;11;252;109
237;12;140;140
237;13;8481;8243
237;14;0;0
238;1;5659;6126
238;2;0;0
238;3;6265;5879
238;4;0;0
238;5;0;0
238;6;8822;8666
238;7;3587;3609
238;8;0;0
238;9;516;475
238;10;1386;1386
238;11;0;0
238;12;106;106
238;13;5367;5678
238;14;438;438
239;1;11002;10691
239;2;4264;2253
239;3;10715;12908
239;4;0;0
239;5;1928;2064
239;6;10297;10297
239;7;3513;3703
239;8;38;38
239;9;2610;2681
239;10;2209;2209
239;11;73;73
239;12;0;0
239;13;13771;13628
239;14;0;0
240;1;4555;5426
240;2;1241;1241
240;3;7479;6397
240;4;0;0
240;5;1349;1349
240;6;15524;14585
240;7;4829;3648
240;8;0;0
240;9;1650;2072
240;10;700;700
240;11;65;361
240;12;0;0
240;13;5036;5564
240;14;0;0
241;1;5255;4773
241;2;2503;2503
241;3;3323;3947
241;4;134;0
241;5;249;249
241;6;10832;10832
241;7;3390;3639
241;8;164;222
241;9;472;472
241;10;694;694
241;11;297;0
241;12;234;234
241;13;4259;4212
241;14;0;134
242;1;4711;4313
242;2;651;779
242;3;4415;4940
242;4;0;0
242;5;3101;3101
242;6;10474;10474
242;7;2667;2878
242;8;0;0
242;9;510;791
242;10;2529;2529
242;11;911;228
242;12;1433;1433
242;13;16403;16403
242;14;0;0
243;1;7320;7289
243;2;652;652
243;3;8105;11012
243;4;0;0
243;5;10570;9546
243;6;27518;28329
243;7;6876;6874
243;8;58;0
243;9;1382;1382
243;10;1503;1503
243;11;34;34
243;12;2487;2487
243;13;29785;30889
243;14;0;0
244;1;8022;7943
244;2;960;181
244;3;21037;17541
244;4;0;0
244;5;4407;5430
244;6;11592;11592
244;7;2865;2571
244;8;0;1278
244;9;2020;1290
244;10;3024;3024
244;11;0;0
244;12;4326;4326
244;13;34416;34416
244;14;0;0
245;1;403;1008
245;2;0;0
245;3;3375;3064
245;4;0;0
245;5;429;429
245;6;5457;5457
245;7;3179;3414
245;8;0;0
245;9;0;0
245;10;503;503
245;11;0;153
245;12;0;0
245;13;11579;11632
245;14;265;265
246;1;5293;5747
246;2;0;0
246;3;10503;9505
246;4;0;0
246;5;1713;1713
246;6;6246;6434
246;7;1099;1403
246;8;0;0
246;9;816;1032
246;10;1516;1516
246;11;0;0
246;12;0;0
246;13;15867;15867
246;14;0;0
247;1;7702;7830
247;2;0;0
247;3;23228;23194
247;4;0;0
247;5;11292;11292
247;6;19285;19028
247;7;2166;1776
247;8;0;0
247;9;3078;3233
247;10;1598;1598
247;11;0;0
247;12;0;0
247;13;37625;37625
247;14;0;0
248;1;0;0
248;2;0;0
248;3;1120;1120
248;4;0;0
248;5;0;0
248;6;80;80
248;7;295;295
248;8;0;0
248;9;0;0
248;10;0;0
248;11;0;0
248;12;0;0
248;13;0;0
248;14;0;0
249;1;2756;2756
249;2;556;556
249;3;14360;13595
249;4;0;0
249;5;2437;2437
249;6;8864;8864
249;7;1642;1642
249;8;373;373
249;9;1036;1761
249;10;950;950
249;11;0;0
249;12;339;339
249;13;20065;20065
249;14;0;0
250;1;5265;5050
250;2;0;0
250;3;5507;4038
250;4;137;137
250;5;634;749
250;6;20846;21191
250;7;4432;4842
250;8;258;0
250;9;1581;1796
250;10;544;544
250;11;0;0
250;12;0;0
250;13;7651;7213
250;14;0;0
251;1;2906;3142
251;2;0;0
251;3;630;381
251;4;0;0
251;5;4387;4272
251;6;9537;9537
251;7;1930;2067
251;8;0;0
251;9;2165;2165
251;10;1742;1742
251;11;517;517
251;12;0;0
251;13;7811;7857
251;14;0;0
252;1;2778;2608
252;2;0;0
252;3;4825;5062
252;4;0;0
252;5;3657;3657
252;6;12237;12391
252;7;2864;3182
252;8;37;37
252;9;691;427
252;10;1194;1194
252;11;0;0
252;12;0;0
252;13;6082;5820
252;14;208;208
253;1;989;994
253;2;718;757
253;3;1864;1906
253;4;0;0
253;5;158;158
253;6;4211;3812
253;7;610;623
253;8;0;0
253;9;0;0
253;10;106;66
253;11;0;27
253;12;625;625
253;13;4178;4079
253;14;29;29
254;1;25928;26371
254;2;405;405
254;3;17049;16959
254;4;747;747
254;5;3463;3463
254;6;25295;25957
254;7;9013;8849
254;8;0;0
254;9;348;1074
254;10;2458;2458
254;11;358;1038
254;12;1305;1305
254;13;14600;14406
254;14;29;29
255;1;4123;5614
255;2;321;321
255;3;13673;11384
255;4;0;0
255;5;3745;3745
255;6;26098;26098
255;7;10101;10101
255;8;0;0
255;9;0;339
255;10;2467;2467
255;11;0;0
255;12;1830;1830
255;13;29515;29515
255;14;0;0
256;1;4715;4303
256;2;0;0
256;3;7080;6867
256;4;0;0
256;5;624;624
256;6;12647;12826
256;7;5157;4159
256;8;0;0
256;9;2106;1363
256;10;1863;1863
256;11;0;0
256;12;0;0
256;13;14020;16375
256;14;0;0
257;1;7633;7633
257;2;306;306
257;3;10831;9886
257;4;0;0
257;5;4797;5134
257;6;10255;10076
257;7;730;730
257;8;0;0
257;9;1406;1406
257;10;2827;2827
257;11;0;331
257;12;397;397
257;13;12860;12860
257;14;0;0
258;1;6568;6273
258;2;685;685
258;3;15514;16432
258;4;0;291
258;5;907;907
258;6;18002;18002
258;7;2364;3589
258;8;0;0
258;9;1292;1292
258;10;1001;1001
258;11;0;0
258;12;1784;1784
258;13;33620;31820
258;14;0;0
259;1;3289;3289
259;2;993;993
259;3;7487;7235
259;4;0;0
259;5;2828;2828
259;6;6242;6242
259;7;1718;1585
259;8;0;0
259;9;607;607
259;10;458;458
259;11;0;0
259;12;0;0
259;13;12275;12275
259;14;0;0
260;1;8275;6967
260;2;0;0
260;3;17199;18669
260;4;0;0
260;5;3165;3165
260;6;9259;9120
260;7;2870;3335
260;8;0;0
260;9;327;222
260;10;2266;2266
260;11;0;0
260;12;0;0
260;13;20427;20427
260;14;0;0
261;1;8373;8089
261;2;0;0
261;3;16313;18440
261;4;586;586
261;5;12753;12753
261;6;14021;14021
261;7;4688;5192
261;8;0;0
261;9;2462;753
261;10;1319;1319
261;11;0;0
261;12;0;0
261;13;23462;23462
261;14;0;0
262;1;5931;5160
262;2;0;0
262;3;22334;22961
262;4;0;0
262;5;4222;4222
262;6;7233;7233
262;7;3204;2796
262;8;0;0
262;9;1662;1839
262;10;0;0
262;11;0;0
262;12;565;565
262;13;28511;28920
262;14;0;0
263;1;11262;9594
263;2;1208;1208
263;3;9938;10083
263;4;0;0
263;5;6610;6610
263;6;12973;12973
263;7;3743;4141
263;8;0;0
263;9;344;1243
263;10;3806;3806
263;11;403;403
263;12;0;0
263;13;45318;44509
263;14;0;0
264;1;8309;7645
264;2;0;0
264;3;26007;26181
264;4;259;259
264;5;6562;6562
264;6;24934;24934
264;7;11326;11051
264;8;0;0
264;9;3769;3941
264;10;3987;3987
264;11;0;0
264;12;1624;1624
264;13;29007;28743
264;14;549;549
265;1;5320;4928
265;2;0;292
265;3;18058;16864
265;4;0;0
265;5;5847;5847
265;6;13770;13672
265;7;4321;4416
265;8;0;0
265;9;1347;1811
265;10;4216;4216
265;11;0;0
265;12;565;565
265;13;28402;28707
265;14;0;0
266;1;2126;1890
266;2;0;0
266;3;5454;5252
266;4;0;0
266;5;1636;1636
266;6;5902;5902
266;7;1554;1367
266;8;174;174
266;9;1012;1023
266;10;681;839
266;11;0;0
266;12;0;0
266;13;8747;9011
266;14;0;0
267;1;3977;2463
267;2;0;0
267;3;8820;8794
267;4;0;0
267;5;1819;1819
267;6;13312;13694
267;7;5874;6098
267;8;0;0
267;9;1783;1783
267;10;502;502
267;11;490;490
267;12;1531;1531
267;13;18711;20668
267;14;0;0
268;1;1855;1914
268;2;48;48
268;3;6537;6127
268;4;0;0
268;5;1948;1972
268;6;8328;8287
268;7;4550;4742
268;8;64;89
268;9;450;531
268;10;1379;1379
268;11;120;40
268;12;98;98
268;13;3281;3319
268;14;43;43
269;1;5335;4598
269;2;0;0
269;3;6083;6393
269;4;0;0
269;5;1744;1703
269;6;19215;18616
269;7;6512;7135
269;8;49;183
269;9;3980;3253
269;10;1117;1124
269;11;0;33
269;12;447;447
269;13;14408;14388
269;14;798;0
270;1;1491;1517
270;2;0;0
270;3;3890;3740
270;4;19;19
270;5;564;297
270;6;8911;8836
270;7;2153;2488
270;8;0;46
270;9;1146;1212
270;10;990;990
270;11;525;645
270;12;0;0
270;13;4671;4545
270;14;0;0
271;1;2793;3192
271;2;1774;1774
271;3;1625;2271
271;4;0;0
271;5;0;0
271;6;2697;2689
271;7;666;868
271;8;203;92
271;9;3014;1955
271;10;1768;1882
271;11;0;0
271;12;0;0
271;13;542;542
271;14;0;0
272;1;903;997
272;2;0;0
272;3;8017;7866
272;4;138;138
272;5;3412;3840
272;6;13258;13258
272;7;6312;5884
272;8;0;0
272;9;1677;1652
272;10;939;939
272;11;0;0
272;12;510;510
272;13;5067;4969
272;14;444;444
273;1;5062;5062
273;2;0;0
273;3;14704;14561
273;4;0;0
273;5;13682;13647
273;6;22015;22015
273;7;2632;2843
273;8;270;270
273;9;1011;284
273;10;5330;5688
273;11;40;727
273;12;57;57
273;13;23686;23686
273;14;0;0
274;1;21007;25775
274;2;0;0
274;3;20876;17914
274;4;0;0
274;5;4375;4375
274;6;22597;22585
274;7;3126;7601
274;8;152;152
274;9;2008;1070
274;10;7255;7255
274;11;363;0
274;12;0;0
274;13;15380;11961
274;14;0;0
275;1;15704;15627
275;2;257;257
275;3;8094;8727
275;4;0;0
275;5;8874;8310
275;6;16585;16585
275;7;5620;6323
275;8;192;218
275;9;4404;4404
275;10;945;1075
275;11;0;0
275;12;402;402
275;13;14191;14388
275;14;0;0
276;1;16978;15080
276;2;0;0
276;3;25480;25449
276;4;0;0
276;5;4195;4760
276;6;33360;33672
276;7;20924;16740
276;8;180;180
276;9;2260;4930
276;10;5213;5213
276;11;727;0
276;12;0;0
276;13;31932;33961
276;14;798;1448
277;1;6268;6268
277;2;0;0
277;3;7939;8526
277;4;0;0
277;5;2614;2351
277;6;23077;22545
277;7;13110;11389
277;8;229;229
277;9;6610;8194
277;10;1554;1554
277;11;0;0
277;12;505;505
277;13;7966;8182
277;14;0;798
278;1;10287;11820
278;2;1023;553
278;3;46320;46703
278;4;0;0
278;5;15962;15962
278;6;11405;12176
278;7;12419;11755
278;8;0;0
278;9;2908;3063
278;10;4453;4226
278;11;869;400
278;12;1836;1836
278;13;72212;70517
278;14;269;269
279;1;3769;4374
279;2;1258;1258
279;3;20308;23065
279;4;0;0
279;5;10425;10425
279;6;7822;7822
279;7;5294;1813
279;8;0;0
279;9;1250;1620
279;10;4240;4468
279;11;136;136
279;12;0;0
279;13;22281;22685
279;14;0;0
280;1;3598;2491
280;2;5218;4319
280;3;13735;15772
280;4;241;241
280;5;1063;1063
280;6;18380;18380
280;7;4624;5021
280;8;0;0
280;9;1232;1695
280;10;1739;1739
280;11;631;631
280;12;0;0
280;13;6774;6774
280;14;0;0
281;1;2038;2316
281;2;290;290
281;3;13294;13494
281;4;513;513
281;5;4402;4454
281;6;16117;16117
281;7;3947;3896
281;8;469;469
281;9;5670;5451
281;10;2876;2876
281;11;0;0
281;12;0;0
281;13;10394;10394
281;14;0;0
282;1;841;2464
282;2;2642;1676
282;3;10231;11077
282;4;0;0
282;5;3237;3500
282;6;12363;11572
282;7;8606;8240
282;8;0;0
282;9;1889;2221
282;10;2424;2333
282;11;0;0
282;12;0;0
282;13;15039;14266
282;14;0;0
283;1;495;495
283;2;422;422
283;3;3214;2370
283;4;0;0
283;5;1497;1497
283;6;10352;9985
283;7;968;968
283;8;224;224
283;9;570;570
283;10;541;541
283;11;94;94
283;12;0;0
283;13;4838;5531
283;14;0;0
284;1;3978;4301
284;2;0;0
284;3;22819;23067
284;4;0;0
284;5;7434;7434
284;6;7034;7034
284;7;1856;1298
284;8;0;0
284;9;621;621
284;10;8145;8145
284;11;0;0
284;12;0;0
284;13;16611;16611
284;14;0;0
285;1;2847;2333
285;2;0;0
285;3;32314;29404
285;4;0;0
285;5;9990;9990
285;6;11228;11228
285;7;6189;6703
285;8;0;0
285;9;1691;2341
285;10;7837;7837
285;11;0;0
285;12;4356;4356
285;13;21322;23144
285;14;650;0
286;1;3476;3468
286;2;1623;663
286;3;16542;17249
286;4;650;650
286;5;1899;1899
286;6;10004;10004
286;7;2130;2565
286;8;0;0
286;9;228;376
286;10;1642;1642
286;11;0;0
286;12;0;0
286;13;3304;3304
286;14;0;0
287;1;1362;1055
287;2;2439;2439
287;3;13792;13683
287;4;0;0
287;5;5381;5381
287;6;15545;15545
287;7;6137;6241
287;8;0;0
287;9;311;618
287;10;2537;2537
287;11;0;0
287;12;647;647
287;13;9276;9276
287;14;0;0
288;1;1094;1244
288;2;3892;3728
288;3;7440;7189
288;4;418;289
288;5;4640;4640
288;6;14416;14416
288;7;6885;6969
288;8;0;0
288;9;313;550
288;10;1111;1111
288;11;94;452
288;12;647;647
288;13;12528;12528
288;14;69;69
289;1;2898;2898
289;2;1047;1047
289;3;23591;23885
289;4;274;274
289;5;6565;6565
289;6;24016;24016
289;7;7671;7650
289;8;180;180
289;9;481;481
289;10;872;872
289;11;419;419
289;12;0;0
289;13;17023;17401
289;14;69;69
290;1;7666;7635
290;2;5840;4295
290;3;16527;16484
290;4;0;0
290;5;12045;12045
290;6;11809;12730
290;7;2400;1920
290;8;0;0
290;9;638;638
290;10;1829;1829
290;11;0;0
290;12;0;0
290;13;10935;10557
290;14;0;0
291;1;5064;3349
291;2;2014;2356
291;3;28855;30041
291;4;0;0
291;5;9251;8430
291;6;13457;13457
291;7;3437;3054
291;8;0;0
291;9;1607;1607
291;10;6494;6584
291;11;358;0
291;12;0;0
291;13;17058;17879
291;14;0;0
292;1;1711;1711
292;2;4285;5077
292;3;14534;13475
292;4;0;0
292;5;12949;12949
292;6;6699;7243
292;7;4795;5074
292;8;0;0
292;9;0;0
292;10;1835;1835
292;11;0;0
292;12;0;0
292;13;36320;36320
292;14;2960;2960
293;1;4946;4308
293;2;4094;4094
293;3;22280;22064
293;4;0;0
293;5;2502;3324
293;6;12141;12141
293;7;3052;4274
293;8;0;0
293;9;0;639
293;10;1239;1239
293;11;0;0
293;12;0;0
293;13;23429;22607
293;14;0;0
294;1;7710;6091
294;2;3130;4044
294;3;16361;15381
294;4;0;0
294;5;13576;13576
294;6;5018;5018
294;7;3766;4699
294;8;0;0
294;9;1560;2199
294;10;4973;4973
294;11;169;169
294;12;0;0
294;13;49283;49283
294;14;0;0
295;1;4552;3541
295;2;11185;11185
295;3;26056;24956
295;4;0;0
295;5;21069;21069
295;6;6558;6558
295;7;6763;6175
295;8;0;0
295;9;0;0
295;10;8319;8319
295;11;1578;1578
295;12;0;0
295;13;56285;56285
295;14;0;0
296;1;221;221
296;2;339;0
296;3;1757;1984
296;4;0;0
296;5;1120;1120
296;6;809;809
296;7;859;859
296;8;0;0
296;9;0;0
296;10;432;432
296;11;0;0
296;12;0;0
296;13;2635;2635
296;14;0;0
297;1;157;157
297;2;599;1151
297;3;1020;886
297;4;0;0
297;5;1388;1388
297;6;3052;2693
297;7;715;715
297;8;0;0
297;9;0;0
297;10;258;202
297;11;0;0
297;12;0;0
297;13;284;284
297;14;0;0
298;1;8974;7686
298;2;6398;6827
298;3;51709;50361
298;4;0;0
298;5;34930;34930
298;6;19467;18558
298;7;8466;6844
298;8;0;0
298;9;876;259
298;10;4977;4977
298;11;0;0
298;12;0;0
298;13;76860;76956
298;14;0;0
299;1;674;876
299;2;501;501
299;3;3012;2773
299;4;0;0
299;5;1703;1703
299;6;1492;1492
299;7;157;157
299;8;0;84
299;9;0;0
299;10;441;441
299;11;0;0
299;12;0;0
299;13;859;859
299;14;0;0
300;1;102;102
300;2;0;0
300;3;0;0
300;4;0;0
300;5;0;0
300;6;10;10
300;7;0;0
300;8;0;0
300;9;0;0
300;10;0;0
300;11;0;0
300;12;0;0
300;13;0;0
300;14;0;0
301;1;31514;31333
301;2;8788;8480
301;3;39037;40276
301;4;380;380
301;5;5345;5168
301;6;51881;51963
301;7;9556;9638
301;8;271;271
301;9;2387;2545
301;10;4039;5866
301;11;0;0
301;12;1729;1729
301;13;17234;16978
301;14;43;43
302;1;5400;5969
302;2;697;697
302;3;15588;15494
302;4;0;0
302;5;1327;1327
302;6;14476;14508
302;7;4406;4460
302;8;397;397
302;9;651;725
302;10;2430;2430
302;11;0;47
302;12;318;0
302;13;4214;3687
302;14;422;422
303;1;12321;11412
303;2;1048;1048
303;3;27422;28845
303;4;0;0
303;5;3240;2812
303;6;16571;16530
303;7;4519;4137
303;8;402;402
303;9;1676;2714
303;10;4242;4318
303;11;0;76
303;12;0;0
303;13;7177;6830
303;14;0;0
304;1;11310;11105
304;2;1824;2243
304;3;15564;14651
304;4;0;0
304;5;1939;1939
304;6;12797;12769
304;7;1065;940
304;8;292;0
304;9;1407;1605
304;10;3670;3670
304;11;0;0
304;12;74;74
304;13;3186;4144
304;14;538;538
305;1;12202;13629
305;2;0;217
305;3;29472;27313
305;4;37;37
305;5;18273;18273
305;6;16017;13912
305;7;13745;14776
305;8;0;64
305;9;722;445
305;10;3927;3927
305;11;502;0
305;12;2170;2170
305;13;31400;31820
305;14;0;0
306;1;11757;9545
306;2;2136;2662
306;3;37373;38115
306;4;0;0
306;5;13305;13305
306;6;15762;15852
306;7;8859;9916
306;8;0;0
306;9;2552;450
306;10;10304;9512
306;11;879;879
306;12;1814;1814
306;13;62990;63614
306;14;0;0
307;1;7688;5430
307;2;547;0
307;3;28141;28986
307;4;0;0
307;5;6932;6932
307;6;12240;12240
307;7;3336;3336
307;8;176;176
307;9;336;336
307;10;726;726
307;11;515;515
307;12;2471;2471
307;13;14954;16263
307;14;2204;2204
308;1;4439;4439
308;2;464;464
308;3;31333;31886
308;4;289;289
308;5;21753;21753
308;6;10021;10021
308;7;9551;9551
308;8;0;0
308;9;0;49
308;10;1515;1515
308;11;372;372
308;12;0;0
308;13;53239;53239
308;14;0;0
309;1;1692;2367
309;2;1129;1197
309;3;14891;14720
309;4;0;0
309;5;7026;7026
309;6;6554;6554
309;7;3474;2863
309;8;0;274
309;9;0;0
309;10;1076;1076
309;11;0;0
309;12;0;0
309;13;31476;31476
309;14;0;0
310;1;8189;6732
310;2;177;521
310;3;16031;15033
310;4;0;0
310;5;10660;10660
310;6;4099;3785
310;7;553;565
310;8;0;0
310;9;0;0
310;10;2217;2054
310;11;0;502
310;12;0;0
310;13;27712;27539
310;14;0;0
311;1;2047;1733
311;2;163;163
311;3;5966;6551
311;4;0;0
311;5;1155;1526
311;6;1529;1529
311;7;651;477
311;8;101;101
311;9;510;610
311;10;180;971
311;11;0;0
311;12;877;877
311;13;18776;18130
311;14;0;0
312;1;1836;1836
312;2;3502;3502
312;3;30642;30306
312;4;278;278
312;5;12771;12771
312;6;7120;6843
312;7;6172;6172
312;8;176;176
312;9;1621;1185
312;10;6493;6135
312;11;1543;2199
312;12;828;828
312;13;44415;44179
312;14;1766;1766
313;1;6127;8168
313;2;370;0
313;3;13841;14267
313;4;0;0
313;5;7315;7614
313;6;13393;14853
313;7;10193;9998
313;8;128;128
313;9;1021;1021
313;10;1867;1661
313;11;0;0
313;12;0;0
313;13;26016;25822
313;14;241;0
314;1;3149;3068
314;2;0;0
314;3;10749;9954
314;4;0;0
314;5;3795;3795
314;6;3628;3628
314;7;2552;2552
314;8;251;251
314;9;511;511
314;10;857;857
314;11;0;0
314;12;0;0
314;13;10189;10694
314;14;0;0
315;1;11307;7154
315;2;0;0
315;3;24826;27018
315;4;0;0
315;5;10987;10615
315;6;14837;14960
315;7;6215;7160
315;8;0;0
315;9;764;1079
315;10;5108;5959
315;11;2054;2054
315;12;0;0
315;13;41998;43545
315;14;0;0
316;1;17286;16943
316;2;277;0
316;3;25192;24556
316;4;0;0
316;5;13092;13092
316;6;12514;12579
316;7;4765;4765
316;8;0;0
316;9;854;2385
316;10;4875;5134
316;11;768;768
316;12;0;0
316;13;57029;56377
316;14;0;0
317;1;4962;4748
317;2;2213;2213
317;3;6894;6726
317;4;41;41
317;5;335;335
317;6;14400;13695
317;7;4087;4215
317;8;321;321
317;9;1017;942
317;10;2471;2471
317;11;0;303
317;12;0;0
317;13;4887;4898
317;14;0;146
318;1;1054;1054
318;2;551;551
318;3;2086;1969
318;4;0;0
318;5;135;135
318;6;5962;5854
318;7;3101;3002
318;8;27;17
318;9;2616;2714
318;10;112;112
318;11;27;0
318;12;77;77
318;13;552;561
318;14;0;0
319;1;4801;3914
319;2;719;1059
319;3;6501;7763
319;4;503;503
319;5;1308;1470
319;6;15444;15252
319;7;3731;3893
319;8;269;269
319;9;1633;1834
319;10;3129;3129
319;11;0;0
319;12;0;0
319;13;5032;5032
319;14;0;22
320;1;3605;3842
320;2;163;163
320;3;6331;5656
320;4;268;268
320;5;199;172
320;6;16410;16410
320;7;6866;6846
320;8;334;334
320;9;667;730
320;10;2793;2793
320;11;472;447
320;12;0;0
320;13;2059;2476
320;14;22;22
321;1;4759;3892
321;2;992;466
321;3;18956;20879
321;4;0;0
321;5;4565;4709
321;6;13817;13817
321;7;6019;5807
321;8;0;0
321;9;1541;1610
321;10;5545;5821
321;11;1106;1218
321;12;1908;1908
321;13;51663;51199
321;14;0;0
322;1;9257;9487
322;2;330;659
322;3;10960;11990
322;4;0;0
322;5;3418;4178
322;6;25694;25429
322;7;13396;11612
322;8;154;154
322;9;1559;2101
322;10;3452;3452
322;11;188;188
322;12;1085;1085
322;13;12821;12870
322;14;22;0
323;1;4429;4659
323;2;342;342
323;3;9715;9265
323;4;163;163
323;5;11246;11246
323;6;31367;31367
323;7;9857;10599
323;8;1499;1499
323;9;5018;2957
323;10;4684;4407
323;11;515;515
323;12;0;0
323;13;7454;8972
323;14;0;0
324;1;16007;16117
324;2;0;0
324;3;11739;13772
324;4;503;503
324;5;17023;17023
324;6;10591;11635
324;7;10328;9782
324;8;0;0
324;9;1583;1114
324;10;5089;5089
324;11;250;250
324;12;0;0
324;13;23533;23113
324;14;0;0
325;1;14191;13191
325;2;0;308
325;3;13242;15083
325;4;0;0
325;5;6508;6508
325;6;12140;11412
325;7;4159;3225
325;8;0;0
325;9;407;1709
325;10;2366;2107
325;11;259;259
325;12;0;0
325;13;39405;38284
325;14;0;0
326;1;2693;3407
326;2;0;0
326;3;13099;11922
326;4;0;0
326;5;8423;8423
326;6;15223;16041
326;7;8882;8882
326;8;0;0
326;9;1838;2708
326;10;4997;4997
326;11;0;0
326;12;0;0
326;13;23287;23287
326;14;0;0
327;1;8911;5734
327;2;282;282
327;3;17539;18815
327;4;0;0
327;5;773;773
327;6;8679;11259
327;7;8448;8448
327;8;0;0
327;9;2529;3229
327;10;1842;1842
327;11;0;0
327;12;0;0
327;13;24705;24705
327;14;0;0
328;1;2704;2567
328;2;577;434
328;3;2596;2596
328;4;0;0
328;5;2142;2142
328;6;16810;16810
328;7;3320;3975
328;8;96;70
328;9;1934;1613
328;10;212;212
328;11;0;0
328;12;0;0
328;13;2750;2579
328;14;0;0
329;1;3379;1555
329;2;0;0
329;3;5157;5386
329;4;89;89
329;5;2193;1868
329;6;11152;11152
329;7;3963;3765
329;8;0;0
329;9;350;571
329;10;304;304
329;11;0;0
329;12;1406;1406
329;13;2514;2685
329;14;0;0
330;1;8469;9029
330;2;168;168
330;3;8161;8001
330;4;0;0
330;5;3125;3125
330;6;19221;18966
330;7;6226;6594
330;8;414;414
330;9;980;661
330;10;1876;1876
330;11;298;0
330;12;336;336
330;13;8143;8289
330;14;83;83
331;1;5009;4440
331;2;0;0
331;3;6492;5623
331;4;0;0
331;5;1926;1926
331;6;11510;11887
331;7;1315;1687
331;8;0;0
331;9;781;1855
331;10;683;683
331;11;0;0
331;12;0;0
331;13;12113;12113
331;14;0;0
332;1;2680;3081
332;2;612;612
332;3;10884;10492
332;4;0;0
332;5;5352;5677
332;6;15170;15170
332;7;6488;6370
332;8;0;0
332;9;853;853
332;10;2338;2338
332;11;0;0
332;12;0;0
332;13;13891;13678
332;14;0;0
333;1;2713;2713
333;2;0;0
333;3;8988;8905
333;4;945;945
333;5;9841;9841
333;6;9162;8895
333;7;8561;8561
333;8;0;0
333;9;916;916
333;10;1475;1176
333;11;0;0
333;12;0;0
333;13;5889;5889
333;14;0;0
334;1;525;525
334;2;0;0
334;3;5685;5396
334;4;0;0
334;5;3550;2514
334;6;6446;6446
334;7;2136;3446
334;8;0;0
334;9;781;781
334;10;1163;1163
334;11;101;101
334;12;0;0
334;13;10559;10559
334;14;0;0
335;1;5362;3502
335;2;1143;1007
335;3;10755;10682
335;4;0;0
335;5;3433;3345
335;6;11330;10776
335;7;2445;4073
335;8;0;0
335;9;1602;1983
335;10;640;640
335;11;0;138
335;12;1386;1386
335;13;12458;12320
335;14;0;0
336;1;1706;1507
336;2;0;0
336;3;7251;7165
336;4;153;153
336;5;4094;4094
336;6;18057;17679
336;7;8786;6711
336;8;0;0
336;9;718;1151
336;10;2423;2165
336;11;138;229
336;12;0;0
336;13;8783;9135
336;14;0;0
337;1;3081;4488
337;2;3169;2294
337;3;5182;6454
337;4;0;0
337;5;4668;4668
337;6;26487;27067
337;7;19915;19360
337;8;0;0
337;9;992;1093
337;10;990;990
337;11;0;0
337;12;2523;2523
337;13;4011;3795
337;14;0;0
338;1;1190;1402
338;2;520;295
338;3;6998;7284
338;4;0;0
338;5;2264;2264
338;6;11820;11685
338;7;7378;6641
338;8;128;0
338;9;280;1244
338;10;475;475
338;11;0;0
338;12;1077;1077
338;13;5120;5120
338;14;0;0
339;1;3265;4628
339;2;5832;4729
339;3;11810;11299
339;4;0;0
339;5;3491;3222
339;6;7177;7357
339;7;2655;2894
339;8;0;0
339;9;462;755
339;10;1648;1648
339;11;0;0
339;12;4357;4357
339;13;12151;12399
339;14;0;0
340;1;16847;15828
340;2;5538;5821
340;3;13043;15048
340;4;423;423
340;5;92;92
340;6;18929;19064
340;7;1088;1518
340;8;0;0
340;9;2834;1952
340;10;1814;1814
340;11;268;268
340;12;2125;2125
340;13;3838;3734
340;14;117;117
341;1;3842;2821
341;2;1411;1411
341;3;4093;6149
341;4;0;0
341;5;797;797
341;6;16991;16901
341;7;3260;1763
341;8;0;0
341;9;624;624
341;10;35;35
341;11;0;0
341;12;217;217
341;13;1608;1600
341;14;0;0
342;1;3571;2822
342;2;0;0
342;3;1188;740
342;4;0;0
342;5;3083;2173
342;6;9061;9004
342;7;2191;3444
342;8;0;0
342;9;244;459
342;10;130;92
342;11;0;0
342;12;905;905
342;13;3705;3698
342;14;83;83
343;1;2478;2725
343;2;0;0
343;3;5677;6263
343;4;0;0
343;5;3949;3949
343;6;14110;14110
343;7;8969;9528
343;8;0;30
343;9;1541;686
343;10;1548;1548
343;11;0;0
343;12;0;0
343;13;11654;11654
343;14;0;0
