id_zona;id_motivo;quantidade_viagens_produzidas;quantidade_viagens_produzidas_motivo_no_destino;quantidade_viagens_atraidas;quantidade_viagens_atraidas_motivo_no_destino
1;1;1967;140;1967;1897
1;2;7230;1408;8096;7519
1;3;49958;9419;48967;47829
1;4;8002;2920;7116;5773
1;5;3153;84;3460;3376
1;6;1293;989;1241;949
1;7;1606;422;1358;1314
1;8;862;79;862;783
1;9;10035;1906;10256;10106
1;10;6248;6248;7161;7161
2;1;1216;544;672;672
2;2;28976;2824;29321;28576
2;3;21914;2883;23187;21392
2;4;3062;1900;2734;1706
2;5;19169;627;19961;19745
2;6;875;44;875;831
2;7;883;373;1105;732
2;8;0;0;0;0
2;9;3380;523;3166;2983
2;10;3328;3125;2050;2050
3;1;750;0;750;750
3;2;4238;3651;4442;587
3;3;22504;6267;23826;19642
3;4;9854;5489;9243;4364
3;5;2827;258;3040;2943
3;6;1585;1227;1585;358
3;7;1038;234;1161;804
3;8;0;0;0;0
3;9;3343;416;3596;2926
3;10;2767;2767;1301;1093
4;1;435;0;435;435
4;2;7780;4305;7055;3475
4;3;27229;9913;27720;20907
4;4;6505;3670;6017;3123
4;5;2486;1592;2351;902
4;6;1141;1056;1285;229
4;7;7194;2717;7336;4608
4;8;0;0;0;0
4;9;8352;7464;9469;1847
4;10;3226;2635;2897;2305
5;1;4115;652;4388;4089
5;2;16243;2384;16856;14968
5;3;71400;10956;74661;67710
5;4;5942;2584;3995;3414
5;5;4193;1186;3974;3032
5;6;1985;0;2251;2251
5;7;4909;1458;4315;3618
5;8;1358;0;1358;1358
5;9;10057;1754;8953;8407
5;10;4657;3855;5085;4957
6;1;1194;1107;1188;30
6;2;17697;3079;17618;15211
6;3;32219;10832;32447;22907
6;4;4928;3972;4632;1104
6;5;2932;665;2920;2255
6;6;3841;1433;3823;2408
6;7;1397;427;1380;953
6;8;130;0;130;130
6;9;2495;0;2453;2453
6;10;365;317;1708;1708
7;1;4332;886;4332;3447
7;2;12316;1499;12211;11048
7;3;23341;5952;23842;20212
7;4;7901;3891;8234;5422
7;5;5357;2204;5357;3153
7;6;544;544;544;0
7;7;2456;496;2488;1993
7;8;1191;254;1191;936
7;9;4112;1106;3457;3051
7;10;0;0;1637;1637
8;1;2356;535;2356;1973
8;2;4409;2771;4462;2131
8;3;6276;2141;5798;4156
8;4;13183;5758;13140;7490
8;5;1169;592;1229;637
8;6;251;251;251;0
8;7;938;195;938;743
8;8;0;0;0;0
8;9;283;164;543;439
8;10;188;188;295;295
9;1;2173;213;2113;1900
9;2;756;367;791;423
9;3;12222;3578;13517;10881
9;4;10185;1751;10158;8710
9;5;434;363;434;70
9;6;745;34;745;711
9;7;1600;1110;975;490
9;8;0;0;0;0
9;9;1334;173;1350;1178
9;10;1744;1744;0;0
10;1;845;103;845;742
10;2;4787;535;4736;4252
10;3;4962;276;6081;5818
10;4;7636;1073;7608;6718
10;5;53;33;460;427
10;6;50;33;130;96
10;7;1952;794;751;751
10;8;0;0;0;0
10;9;200;166;137;35
10;10;0;0;26;26
11;1;872;96;924;775
11;2;2928;696;3247;2551
11;3;999;797;987;214
11;4;4082;1961;3932;2279
11;5;289;289;289;0
11;6;566;566;566;0
11;7;596;596;418;0
11;8;0;0;0;0
11;9;372;328;356;45
11;10;0;0;0;0
12;1;2269;769;2508;2226
12;2;12953;1795;14896;13274
12;3;13143;3926;12694;9865
12;4;8215;4614;8493;3910
12;5;2329;702;2346;1644
12;6;1551;661;1551;889
12;7;657;632;461;49
12;8;0;0;0;0
12;9;1396;316;1385;1071
12;10;788;683;1138;1138
13;1;109;0;109;109
13;2;18935;353;20349;19983
13;3;2927;100;1821;1733
13;4;1256;812;647;460
13;5;6268;26;6529;6503
13;6;32;32;32;0
13;7;63;63;63;0
13;8;0;0;0;0
13;9;1178;42;1178;1136
13;10;0;0;0;0
14;1;1774;0;1860;1860
14;2;16371;1136;16521;15731
14;3;5112;365;7227;6954
14;4;6546;936;6158;5690
14;5;11304;134;11285;11170
14;6;241;16;241;225
14;7;392;103;353;289
14;8;262;8;262;254
14;9;2014;465;1496;1391
14;10;711;700;372;361
15;1;1751;254;1751;1497
15;2;7210;2037;7123;5198
15;3;6830;1682;7456;5954
15;4;3274;2464;2617;916
15;5;2857;193;2942;2675
15;6;1020;480;1022;541
15;7;265;62;456;203
15;8;0;0;0;0
15;9;2160;322;2245;1839
15;10;81;81;0;0
16;1;11143;4487;11168;6681
16;2;6077;2485;6898;4078
16;3;14550;6238;14944;8997
16;4;10707;6180;10007;4457
16;5;2784;952;2784;1832
16;6;929;705;929;224
16;7;1671;766;1671;905
16;8;376;0;376;376
16;9;1960;778;1960;1182
16;10;16;16;0;0
17;1;289;143;289;145
17;2;8229;1978;8292;6317
17;3;6549;2373;7592;5219
17;4;3834;3162;3356;698
17;5;2694;583;2497;1928
17;6;431;431;429;0
17;7;823;145;1005;860
17;8;0;0;0;0
17;9;1207;149;1155;1058
17;10;561;561;0;0
18;1;5055;174;7673;7499
18;2;6847;4244;6296;2746
18;3;20615;8641;22777;14786
18;4;17161;8846;17209;8964
18;5;3875;2542;3616;1338
18;6;3766;282;4206;3724
18;7;1725;1282;1240;798
18;8;116;95;116;21
18;9;5500;3337;3625;2687
18;10;653;653;372;372
19;1;1568;176;1645;1469
19;2;4903;3014;4877;1863
19;3;14041;7796;15520;8226
19;4;12354;6059;11058;6853
19;5;1575;758;1454;817
19;6;4789;392;4789;4396
19;7;543;0;664;664
19;8;495;0;495;495
19;9;1133;361;880;772
19;10;291;291;291;291
20;1;2157;945;2157;1213
20;2;2527;1830;2527;697
20;3;19595;11492;19586;8104
20;4;10607;7284;10607;3323
20;5;1482;1482;1482;0
20;6;1889;1840;1889;49
20;7;1199;1199;1199;0
20;8;0;0;0;0
20;9;1658;1658;1658;0
20;10;0;0;0;0
21;1;630;514;630;116
21;2;2873;1139;2759;1734
21;3;8669;4955;9028;4426
21;4;9445;4918;9529;4684
21;5;1555;1247;1065;308
21;6;1112;971;1602;632
21;7;932;235;1007;771
21;8;0;0;0;0
21;9;560;501;485;59
21;10;0;0;0;0
22;1;274;274;274;0
22;2;1523;973;1523;550
22;3;10630;4982;10438;5800
22;4;6186;2032;6401;4319
22;5;486;486;486;0
22;6;1572;745;1494;827
22;7;503;281;685;222
22;8;0;0;0;0
22;9;507;419;440;88
22;10;0;0;137;137
23;1;126;126;126;0
23;2;1278;297;1278;981
23;3;13431;1654;13684;13099
23;4;15369;1056;15510;15008
23;5;121;121;121;0
23;6;8335;0;8335;8335
23;7;1607;108;1467;1359
23;8;0;0;0;0
23;9;1421;199;1357;1222
23;10;543;543;522;522
24;1;1859;348;1859;1511
24;2;4522;867;4357;4045
24;3;19342;3685;19348;16665
24;4;22853;3697;22953;19778
24;5;1193;0;1193;1193
24;6;4043;1577;4185;2608
24;7;848;470;378;378
24;8;0;0;186;186
24;9;1238;458;1437;975
24;10;1042;829;1556;1556
25;1;1328;445;1055;883
25;2;2110;1166;2506;1341
25;3;14095;8246;13916;6140
25;4;5592;3498;6002;2231
25;5;996;618;996;378
25;6;1544;883;1544;661
25;7;2266;1669;2266;597
25;8;0;0;0;0
25;9;910;424;704;704
25;10;461;461;14;14
26;1;756;338;756;418
26;2;900;256;912;657
26;3;14356;5037;13761;9676
26;4;8882;2806;9452;6646
26;5;1027;573;1105;454
26;6;3230;161;3267;3106
26;7;859;84;1056;972
26;8;0;0;0;0
26;9;1455;906;1471;548
26;10;0;0;0;0
27;1;1871;487;1537;1383
27;2;4620;800;6021;5132
27;3;41853;6689;43793;39212
27;4;13725;6163;11947;7876
27;5;8072;1053;8014;7019
27;6;10617;896;11248;10448
27;7;3947;1225;3919;2767
27;8;0;0;0;0
27;9;2867;1871;2278;996
27;10;1690;1387;1733;1695
28;1;1403;268;1377;1108
28;2;2540;414;2451;2105
28;3;19827;5206;19868;17081
28;4;10039;2388;9828;8425
28;5;1238;615;1101;619
28;6;3335;963;3614;2820
28;7;3110;1527;2978;1662
28;8;584;0;584;584
28;9;1842;442;1146;858
28;10;2157;597;2635;2569
29;1;2768;136;2768;2632
29;2;4360;633;4417;3784
29;3;56024;8432;58685;53634
29;4;8929;4406;6696;4523
29;5;2323;468;2323;1855
29;6;10244;871;10398;9935
29;7;7780;1713;7613;6602
29;8;0;0;0;0
29;9;3502;581;3225;3118
29;10;3503;3503;2822;2822
30;1;1069;430;791;640
30;2;1858;585;1831;1273
30;3;14733;6031;14522;9376
30;4;8503;4679;8142;4177
30;5;1816;666;2062;1280
30;6;3641;1261;3495;2438
30;7;2618;1776;2964;918
30;8;40;0;40;40
30;9;2706;1669;2726;1223
30;10;1033;843;969;932
31;1;2075;1912;2294;190
31;2;1835;767;1478;756
31;3;31036;8387;32134;26468
31;4;33544;5527;34079;29619
31;5;1869;1541;1894;328
31;6;12850;1532;12953;11820
31;7;9432;5649;8147;3880
31;8;0;0;0;0
31;9;3946;2273;3205;1673
31;10;2845;2755;2802;1580
32;1;2154;373;2463;2123
32;2;5608;433;6594;6120
32;3;43585;6979;44637;42260
32;4;10952;4103;9303;7942
32;5;1623;618;1253;1005
32;6;5956;764;6597;5715
32;7;3690;1885;2897;1863
32;8;154;0;163;163
32;9;2206;713;2197;1821
32;10;3519;3519;4372;4252
33;1;398;174;416;398
33;2;85;54;85;31
33;3;847;471;1025;493
33;4;2818;786;2688;2228
33;5;601;207;572;394
33;6;720;231;691;489
33;7;89;89;114;0
33;8;0;0;0;0
33;9;365;116;354;309
33;10;202;202;183;174
34;1;221;221;221;0
34;2;393;367;368;26
34;3;10585;3525;9796;7560
34;4;7835;1588;8519;7238
34;5;424;327;428;97
34;6;714;388;832;326
34;7;1090;708;1294;801
34;8;0;0;0;0
34;9;658;576;662;149
34;10;129;129;141;116
35;1;1237;636;1781;600
35;2;7453;2566;7479;4913
35;3;45489;16962;47488;34023
35;4;22456;12659;21517;10097
35;5;3292;2235;3305;1195
35;6;5427;805;5510;4705
35;7;5765;3519;3710;2376
35;8;0;0;0;0
35;9;3850;894;4388;3582
35;10;1738;1738;1738;1738
36;1;5193;301;5710;5409
36;2;7305;1432;7459;6182
36;3;41437;18591;40703;24541
36;4;20514;11425;20100;9223
36;5;3214;1808;2742;1437
36;6;3189;1230;3189;1959
36;7;5507;3129;5830;2538
36;8;163;163;154;0
36;9;1010;609;1820;1527
36;10;1120;1120;940;940
37;1;1452;272;1452;1263
37;2;962;393;917;569
37;3;11498;3923;11098;8450
37;4;4459;3455;4480;1003
37;5;503;215;503;336
37;6;105;105;105;0
37;7;920;920;1100;0
37;8;0;0;0;0
37;9;795;203;1521;1381
37;10;181;181;485;485
38;1;114;57;114;57
38;2;1898;1182;2136;716
38;3;3267;524;3236;2742
38;4;5464;3340;5391;2124
38;5;201;201;201;0
38;6;108;108;99;0
38;7;312;312;312;0
38;8;0;0;0;0
38;9;81;81;161;0
38;10;0;0;0;0
39;1;1757;468;1695;1289
39;2;2599;1863;2249;382
39;3;9467;2323;9018;6973
39;4;9381;6257;8247;3113
39;5;634;424;1099;210
39;6;5161;0;4930;4930
39;7;1118;701;1694;417
39;8;0;0;0;0
39;9;1068;530;1259;538
39;10;0;0;0;0
40;1;2006;258;1907;1715
40;2;3924;2140;3127;1878
40;3;11009;2965;10517;8090
40;4;10821;3528;11808;8550
40;5;777;304;807;473
40;6;1413;198;1379;1216
40;7;869;47;869;822
40;8;0;0;0;0
40;9;1551;978;1249;1071
40;10;178;160;787;768
41;1;4032;617;4032;3416
41;2;6491;1739;6437;4777
41;3;15605;6680;15037;9071
41;4;16178;6550;17794;11051
41;5;3019;1413;2491;1607
41;6;4669;785;4428;3638
41;7;3201;1577;2871;1630
41;8;126;126;126;0
41;9;1847;779;1811;1081
41;10;0;0;0;0
42;1;2091;269;2091;1822
42;2;3155;989;3155;2166
42;3;3802;1672;3654;2162
42;4;3034;2771;3159;388
42;5;1491;173;1491;1318
42;6;51;51;51;0
42;7;2508;218;2508;2291
42;8;0;0;0;0
42;9;1123;51;1123;1071
42;10;152;122;172;61
43;1;2775;899;2688;1876
43;2;8690;3845;8316;5039
43;3;25570;9170;26801;19917
43;4;25044;10664;25340;15506
43;5;2620;1074;2590;1546
43;6;3868;979;4004;3415
43;7;2015;1497;2293;796
43;8;0;0;0;0
43;9;4282;1510;4481;2769
43;10;1187;1187;804;804
44;1;1305;28;1753;1726
44;2;4139;1023;3961;3105
44;3;20615;5974;20940;16249
44;4;6319;2867;5361;4325
44;5;806;313;806;494
44;6;12384;1033;14387;13354
44;7;1830;33;2485;2025
44;8;0;0;0;0
44;9;4191;3800;3153;391
44;10;1165;1165;1148;1148
45;1;7327;1285;6983;6042
45;2;5452;1508;5680;4225
45;3;27959;10688;29060;19627
45;4;27840;12930;27919;16079
45;5;4790;2347;4603;2634
45;6;4886;3126;3852;1912
45;7;3944;1357;4155;2798
45;8;0;0;0;0
45;9;4864;1518;4808;3447
45;10;595;280;407;407
46;1;3283;1452;3283;1831
46;2;9557;4223;9542;5609
46;3;14191;9594;15180;6527
46;4;23620;12865;23427;11609
46;5;1822;947;1836;889
46;6;698;183;515;515
46;7;2389;1307;2208;1081
46;8;325;325;325;0
46;9;1641;423;2099;1401
46;10;0;0;25;25
47;1;2055;653;2055;1402
47;2;4625;3005;4970;1965
47;3;14808;9729;13617;5079
47;4;6674;2498;6703;4550
47;5;1171;1021;1157;149
47;6;1234;621;1234;613
47;7;1325;1325;1325;0
47;8;0;0;0;0
47;9;543;0;726;543
47;10;0;0;634;634
48;1;1004;0;1004;1004
48;2;3873;794;4264;3471
48;3;12382;6710;13008;6407
48;4;11211;7525;11239;3652
48;5;3333;2533;2758;800
48;6;605;255;605;350
48;7;4020;1021;4237;3450
48;8;0;0;0;0
48;9;1284;0;1979;1979
48;10;728;728;0;0
49;1;1759;290;2019;1733
49;2;1118;653;1118;465
49;3;18371;5111;18746;13952
49;4;8408;3383;8410;5025
49;5;748;632;646;178
49;6;4016;1483;4235;2752
49;7;1225;963;1184;262
49;8;64;0;64;64
49;9;1014;423;1005;591
49;10;747;747;42;42
50;1;1125;920;1125;206
50;2;2115;781;2115;1334
50;3;3719;2227;3551;1491
50;4;4444;1866;4515;2579
50;5;3595;1972;3595;1623
50;6;1829;770;1917;1058
50;7;457;190;476;286
50;8;0;0;0;0
50;9;188;70;188;118
50;10;0;0;0;0
51;1;743;743;749;0
51;2;2085;1260;2085;825
51;3;8770;4622;9711;5183
51;4;10540;5403;9990;5137
51;5;1983;1041;1983;942
51;6;1829;963;1829;865
51;7;754;678;754;76
51;8;0;0;0;0
51;9;1656;683;1259;972
51;10;0;0;0;0
52;1;1654;85;1715;1568
52;2;1521;979;1251;363
52;3;12152;4564;12233;8452
52;4;2807;1415;2453;1392
52;5;1409;1074;971;335
52;6;1638;1272;801;366
52;7;616;364;1057;598
52;8;0;0;0;0
52;9;2401;1100;3290;2355
52;10;151;151;333;182
53;1;690;114;690;576
53;2;3421;856;3461;2565
53;3;26379;7295;26790;22453
53;4;11896;3097;11675;9857
53;5;389;320;510;69
53;6;4485;816;4819;4002
53;7;3066;992;3713;2843
53;8;0;0;0;0
53;9;2924;747;2670;2257
53;10;2818;2818;1588;1588
54;1;1618;483;1510;1135
54;2;3361;363;3431;3104
54;3;25605;5486;26666;24315
54;4;5442;2048;6165;4253
54;5;3728;1597;3459;2131
54;6;10661;218;10878;10683
54;7;2366;2110;1516;366
54;8;0;0;0;0
54;9;1447;246;1874;1744
54;10;2236;1790;3678;3648
55;1;1894;941;1818;953
55;2;1555;445;1834;1404
55;3;17729;6624;18246;12647
55;4;19990;4087;20389;16746
55;5;1809;966;1624;1017
55;6;2452;260;2834;2175
55;7;2216;873;2354;1370
55;8;0;0;0;0
55;9;2432;1609;1829;823
55;10;642;642;332;119
56;1;3600;1020;1602;581
56;2;2533;583;4273;3948
56;3;16951;5150;16512;11708
56;4;18744;5141;18745;13833
56;5;3111;1387;3031;1724
56;6;1889;177;2029;1852
56;7;3678;2621;3465;1230
56;8;216;0;216;216
56;9;3418;1882;3285;1594
56;10;130;130;615;615
57;1;1381;419;1421;1002
57;2;1314;683;2732;2106
57;3;40430;5885;37685;32416
57;4;10708;5981;9964;4808
57;5;3156;1667;2993;1489
57;6;3905;1506;4348;3657
57;7;5391;2382;5446;3481
57;8;219;0;219;219
57;9;2114;1298;1405;918
57;10;981;941;817;642
58;1;1585;923;1585;662
58;2;2699;1538;2699;1161
58;3;25599;11761;25495;15561
58;4;15137;9467;15937;6525
58;5;4499;1859;4499;2639
58;6;2600;1845;2397;886
58;7;5662;4723;4817;1252
58;8;0;0;0;0
58;9;4031;1416;4018;2997
58;10;1606;1606;1516;1351
59;1;2478;1497;2478;981
59;2;6994;3090;7592;4503
59;3;31067;14272;29568;18336
59;4;18436;9408;17793;9052
59;5;9570;4908;10637;4765
59;6;2699;1922;2566;777
59;7;5303;2883;5560;3099
59;8;0;0;0;0
59;9;8245;3729;8231;4241
59;10;1134;1134;1216;1216
60;1;1486;1041;1486;446
60;2;4358;1151;4055;3154
60;3;17985;6363;19552;13223
60;4;7569;3855;7074;3714
60;5;4966;2985;4966;1981
60;6;3233;1591;3233;1642
60;7;280;39;280;240
60;8;0;0;0;0
60;9;1448;342;1165;1165
60;10;33;33;33;33
61;1;3339;1903;3339;1478
61;2;4332;557;4074;3775
61;3;19702;9172;18193;10839
61;4;9730;4081;11441;7360
61;5;5057;4481;4815;576
61;6;2347;926;2356;1430
61;7;3416;1523;2696;1952
61;8;219;219;219;0
61;9;4676;2652;5427;2879
61;10;395;395;358;358
62;1;964;84;948;864
62;2;1230;457;968;822
62;3;19902;2375;19027;17226
62;4;6198;1203;6957;6027
62;5;579;403;536;176
62;6;5476;345;5692;5404
62;7;4110;314;4434;4216
62;8;0;0;0;0
62;9;946;547;681;442
62;10;520;520;0;0
63;1;320;113;1388;1276
63;2;428;100;438;328
63;3;12554;1106;12339;11485
63;4;1057;354;1048;703
63;5;2791;2791;172;0
63;6;10345;339;13209;13082
63;7;535;116;535;419
63;8;0;0;0;0
63;9;1117;965;175;152
63;10;0;0;0;0
64;1;3521;1605;3946;3050
64;2;8215;2458;6719;4947
64;3;41137;10926;42237;33098
64;4;17614;11620;17923;8435
64;5;4459;2531;4194;2428
64;6;4895;1344;4887;3988
64;7;3808;2202;3614;1981
64;8;0;0;0;0
64;9;5045;3476;4521;1904
64;10;2550;1912;2348;2348
65;1;1164;736;1117;847
65;2;2780;826;2783;1979
65;3;23145;11559;23383;12606
65;4;19940;6181;20601;14943
65;5;1134;427;1134;806
65;6;930;867;930;63
65;7;2111;1608;2111;503
65;8;0;0;0;0
65;9;1568;1031;958;731
65;10;705;492;440;440
66;1;3135;516;3495;2978
66;2;5811;783;5905;5426
66;3;22812;5272;22563;18305
66;4;15178;2994;14755;12752
66;5;2417;655;2462;1763
66;6;1268;456;1169;812
66;7;5218;1082;5920;4500
66;8;0;0;0;0
66;9;3823;578;3892;3244
66;10;1207;1056;995;796
67;1;3725;479;3700;3317
67;2;1541;455;1541;1086
67;3;11583;3719;10576;7310
67;4;3007;2130;3101;1113
67;5;1021;781;1075;240
67;6;2127;244;2127;1965
67;7;1096;616;1023;521
67;8;0;0;0;0
67;9;1296;712;1161;584
67;10;94;19;563;488
68;1;3840;451;3773;3478
68;2;2717;1114;3675;2657
68;3;71899;13543;71113;63754
68;4;11430;7556;9662;4182
68;5;1059;533;1059;526
68;6;2369;1000;2369;1369
68;7;4568;2355;4329;2236
68;8;0;0;0;0
68;9;2646;910;2704;2361
68;10;3759;3390;5123;5123
69;1;6484;960;6665;6390
69;2;7193;1083;7504;6324
69;3;28710;4727;30415;27353
69;4;9804;5340;7177;4464
69;5;1751;478;1751;1273
69;6;1760;1162;2431;939
69;7;2415;1084;2493;1331
69;8;294;0;294;294
69;9;1691;874;2091;889
69;10;2430;2354;2372;2324
70;1;874;294;873;579
70;2;5113;1537;5779;4242
70;3;20863;4742;23167;19933
70;4;16848;5763;16772;12802
70;5;106;0;106;106
70;6;3863;934;3430;3099
70;7;1101;611;2621;2113
70;8;0;0;0;0
70;9;989;549;930;930
70;10;2874;2874;633;633
71;1;3822;2308;3803;1946
71;2;3802;1138;3787;3317
71;3;38933;13551;40654;28049
71;4;11667;7717;12134;5069
71;5;5925;3873;5925;2051
71;6;341;188;341;154
71;7;10400;9348;7468;1053
71;8;0;0;0;0
71;9;4835;1024;4682;4110
71;10;1804;1804;1696;1324
72;1;1339;240;1401;1172
72;2;2365;218;2491;2449
72;3;19246;4641;21194;17090
72;4;8973;4714;7423;4556
72;5;1504;1279;1504;225
72;6;889;789;889;100
72;7;2101;1000;2038;1101
72;8;246;130;246;116
72;9;1647;621;1658;1077
72;10;1318;1318;659;659
73;1;10635;487;11667;11325
73;2;9470;532;10159;9913
73;3;102665;16803;107413;102961
73;4;9226;8885;3377;521
73;5;927;196;886;731
73;6;2464;1424;2443;1040
73;7;5506;777;5073;4958
73;8;0;0;0;0
73;9;2839;1088;2551;2057
73;10;8400;8242;9730;9730
74;1;6132;126;6132;6006
74;2;9823;495;9858;9363
74;3;39401;6422;41706;38372
74;4;7538;4143;5954;3395
74;5;1008;635;913;278
74;6;3036;628;2585;1957
74;7;1905;790;1998;1210
74;8;0;0;0;0
74;9;2116;698;1996;1391
74;10;1817;1817;1658;1658
75;1;594;258;517;337
75;2;3076;837;2994;2239
75;3;12909;3949;12966;9496
75;4;4454;3007;4548;1447
75;5;1279;420;1279;909
75;6;1010;816;941;247
75;7;1904;1398;1813;594
75;8;0;0;0;0
75;9;1896;1564;1936;665
75;10;311;68;300;300
76;1;1370;130;1338;1240
76;2;1741;602;1486;1139
76;3;18682;4237;18432;14211
76;4;3213;2104;3020;1108
76;5;376;325;376;51
76;6;1968;384;1896;1624
76;7;2810;599;3025;2288
76;8;0;0;0;0
76;9;801;334;803;510
76;10;379;379;395;395
77;1;412;333;978;645
77;2;3469;324;3444;3120
77;3;42406;9954;43612;35639
77;4;10604;5051;10020;5762
77;5;3657;3025;1503;631
77;6;14242;1958;17765;16773
77;7;4355;2128;4486;2495
77;8;0;0;0;0
77;9;2908;1278;2611;1427
77;10;1553;1503;1410;1107
78;1;1249;516;1249;733
78;2;3733;623;3765;3164
78;3;25420;7203;25885;19627
78;4;5640;4362;5262;1278
78;5;2457;782;2552;1675
78;6;1545;1290;1545;254
78;7;2166;1221;2263;1138
78;8;0;0;0;0
78;9;1206;370;1358;988
78;10;1532;1302;1086;953
79;1;4205;288;4220;3932
79;2;2185;723;3965;3873
79;3;37847;5229;39253;36038
79;4;13134;5098;10818;8127
79;5;1058;528;1007;530
79;6;8439;447;9884;9435
79;7;4222;1594;3780;2688
79;8;158;0;158;158
79;9;4932;1460;4386;3722
79;10;2484;2193;3037;2612
80;1;464;414;462;50
80;2;7945;1321;7682;6694
80;3;25204;6419;26289;20876
80;4;9848;5065;9905;5084
80;5;2242;1231;2390;1156
80;6;3541;1377;3423;2182
80;7;5329;2378;5292;3444
80;8;40;0;40;40
80;9;1653;464;1646;1204
80;10;2213;1767;1788;1738
81;1;1836;306;1995;1883
81;2;7268;379;7150;6826
81;3;30320;5058;32245;27864
81;4;7120;4246;5526;2873
81;5;1481;479;1481;1002
81;6;1434;845;1340;641
81;7;5126;2053;5312;4704
81;8;0;0;0;0
81;9;1754;701;1490;1114
81;10;975;962;822;779
82;1;5752;945;5764;5440
82;2;10132;576;10301;9890
82;3;59350;8484;62171;57872
82;4;10155;4975;8610;5623
82;5;2374;676;2426;1651
82;6;4320;707;4311;3817
82;7;7726;2871;7615;6172
82;8;0;0;0;0
82;9;5731;1477;6506;5238
82;10;5398;5153;4955;4756
83;1;3880;610;4377;3733
83;2;4371;799;5204;4476
83;3;30514;11475;28478;21409
83;4;17508;7603;18385;11652
83;5;1617;1315;1390;302
83;6;1081;916;896;189
83;7;4371;2280;4332;2408
83;8;36;0;36;36
83;9;2610;1752;2815;1293
83;10;2427;2167;2644;2392
84;1;641;238;655;418
84;2;4012;425;3801;3351
84;3;17581;6706;17360;13913
84;4;18095;5366;19170;15797
84;5;1306;613;1552;940
84;6;568;368;688;140
84;7;1866;1796;734;157
84;8;0;0;0;0
84;9;2554;1740;2612;813
84;10;1732;1678;1724;1724
85;1;447;113;447;334
85;2;257;221;231;36
85;3;3859;1671;3755;2596
85;4;5313;1285;5746;4403
85;5;1132;1090;362;43
85;6;382;163;1046;879
85;7;652;439;556;214
85;8;0;0;0;0
85;9;635;599;532;145
85;10;340;340;340;340
86;1;395;87;395;308
86;2;1070;57;1070;1013
86;3;3173;953;3044;2271
86;4;1516;723;2288;1589
86;5;194;179;23;15
86;6;238;238;126;0
86;7;590;575;137;15
86;8;0;0;0;0
86;9;235;44;327;302
86;10;0;0;0;0
87;1;270;222;209;48
87;2;2031;578;2031;1453
87;3;15566;5694;15140;10120
87;4;8740;5425;9357;4106
87;5;1416;916;1379;500
87;6;2173;270;2232;1903
87;7;3163;1935;3216;1228
87;8;93;93;93;0
87;9;3233;1283;2846;1795
87;10;136;85;136;136
88;1;2122;942;1871;1181
88;2;8084;2234;8084;5924
88;3;34741;18476;35474;19105
88;4;20827;13063;20450;8471
88;5;3723;2600;3741;1578
88;6;3957;1401;4210;2975
88;7;5379;3778;5736;2071
88;8;0;0;0;0
88;9;4900;3163;4206;1905
88;10;1404;1404;857;807
89;1;891;226;1086;860
89;2;385;385;385;0
89;3;6087;4702;5859;1238
89;4;4098;3157;4069;997
89;5;965;965;1027;0
89;6;987;640;987;347
89;7;502;431;502;71
89;8;0;0;0;0
89;9;497;183;497;314
89;10;0;0;0;0
90;1;1482;546;1814;1336
90;2;1868;396;1868;1472
90;3;9311;4576;8631;5081
90;4;6454;2955;6684;3958
90;5;1263;1126;1301;275
90;6;2083;1473;1526;695
90;7;2195;980;3156;1721
90;8;0;0;0;0
90;9;1702;665;1878;1033
90;10;240;240;149;149
91;1;5210;778;5201;4551
91;2;5875;2059;5034;4487
91;3;18606;4067;18630;15898
91;4;13474;2499;14852;12500
91;5;974;54;1381;919
91;6;953;953;352;0
91;7;2617;2137;1024;785
91;8;600;0;600;600
91;9;4154;1722;4308;2432
91;10;976;976;1311;1311
92;1;2004;52;1979;1905
92;2;2587;555;2970;2812
92;3;20166;1322;22818;21982
92;4;4215;1633;4247;2656
92;5;36;36;120;85
92;6;58;0;58;58
92;7;2306;1973;569;502
92;8;353;36;353;317
92;9;7149;384;5773;5683
92;10;1624;1624;572;572
93;1;1003;165;1003;838
93;2;4760;263;4374;4105
93;3;29150;5588;29205;25238
93;4;19602;3698;19124;16109
93;5;2505;1670;1326;835
93;6;2684;1311;7221;6898
93;7;5993;3769;3096;1990
93;8;0;0;0;0
93;9;6636;724;6590;5866
93;10;1256;1256;1256;1256
94;1;2143;85;2191;2106
94;2;6520;726;6475;6162
94;3;16030;4874;16315;13804
94;4;3882;2271;3317;1610
94;5;1212;336;1082;876
94;6;1710;395;1787;1426
94;7;4772;888;4638;3959
94;8;326;0;326;326
94;9;1122;528;825;486
94;10;1777;1554;2931;2890
95;1;879;567;684;422
95;2;574;440;503;173
95;3;12225;4290;12689;8559
95;4;8665;5326;8922;3541
95;5;777;502;724;275
95;6;671;671;629;0
95;7;3171;2413;3087;1238
95;8;0;0;0;0
95;9;3581;2043;2755;1112
95;10;220;220;439;220
96;1;445;282;445;162
96;2;865;323;797;543
96;3;12950;2168;14083;12318
96;4;9067;3749;8241;6440
96;5;914;495;914;467
96;6;1614;418;1543;1196
96;7;1913;367;2215;1663
96;8;0;0;0;0
96;9;669;368;751;301
96;10;159;55;45;0
97;1;626;379;670;247
97;2;2556;1016;2358;1813
97;3;8428;4866;8391;4436
97;4;6238;4712;6096;1526
97;5;1569;864;1593;726
97;6;2556;1183;2945;1822
97;7;2497;1497;2562;1201
97;8;0;0;0;0
97;9;572;462;510;110
97;10;550;457;593;489
98;1;474;237;474;237
98;2;662;316;735;346
98;3;8842;2936;9148;6255
98;4;5751;3617;5322;2319
98;5;385;385;381;0
98;6;500;361;639;278
98;7;1217;1142;919;286
98;8;375;0;375;375
98;9;2017;1268;2339;960
98;10;75;37;75;37
99;1;6454;1071;6452;5896
99;2;2370;917;2370;1494
99;3;10053;2310;10989;8809
99;4;3830;2839;3332;991
99;5;2920;2411;1206;509
99;6;821;619;625;202
99;7;557;354;547;203
99;8;435;64;435;371
99;9;1551;411;3592;3025
99;10;841;841;617;617
100;1;4935;529;5192;4663
100;2;20756;4417;20365;18131
100;3;48043;14570;46587;35429
100;4;22842;6435;23908;18445
100;5;8235;1281;8525;7515
100;6;12370;1340;12727;11595
100;7;4206;1158;3704;3279
100;8;106;0;106;106
100;9;6157;698;6370;6125
100;10;2642;2642;2622;2622
101;1;964;545;964;419
101;2;895;210;1060;867
101;3;12560;6109;12488;6494
101;4;8610;5889;8272;2758
101;5;731;446;624;285
101;6;1001;812;1107;295
101;7;1151;770;1403;633
101;8;0;0;0;0
101;9;475;55;475;475
101;10;0;0;0;0
102;1;913;384;926;529
102;2;1752;388;1775;1387
102;3;10877;4567;10993;6544
102;4;6776;2199;7032;4934
102;5;419;352;419;212
102;6;2013;441;2013;1572
102;7;976;790;953;186
102;8;0;0;0;0
102;9;3426;721;3215;2706
102;10;24;24;61;61
103;1;157;0;300;300
103;2;630;64;630;566
103;3;3253;830;5480;4763
103;4;831;711;714;120
103;5;255;132;255;123
103;6;761;113;761;648
103;7;323;234;622;388
103;8;0;0;0;0
103;9;666;277;455;389
103;10;0;0;0;0
104;1;476;392;454;84
104;2;398;206;416;192
104;3;3133;1936;3484;1627
104;4;4312;1827;4332;2473
104;5;387;350;417;68
104;6;268;268;246;0
104;7;536;306;547;230
104;8;0;0;0;0
104;9;386;323;386;63
104;10;104;104;104;0
105;1;1363;717;1706;646
105;2;1693;624;2190;1068
105;3;13616;5379;13962;9448
105;4;7320;4139;6930;3262
105;5;1539;582;1632;957
105;6;1104;673;892;459
105;7;1232;1223;881;105
105;8;0;0;0;0
105;9;519;400;420;143
105;10;489;416;442;260
106;1;1938;29;1907;1907
106;2;7147;926;8365;7345
106;3;13363;2615;14336;11983
106;4;2155;1761;1920;423
106;5;2872;333;2873;2539
106;6;77;77;85;0
106;7;308;308;174;0
106;8;0;0;0;0
106;9;857;263;731;594
106;10;336;336;51;51
107;1;1052;564;960;488
107;2;2650;1315;2649;1335
107;3;12806;4301;14744;11238
107;4;20559;9397;19044;11672
107;5;465;141;434;324
107;6;949;648;949;301
107;7;2777;1908;1550;932
107;8;0;0;0;0
107;9;972;866;769;0
107;10;431;431;1187;1187
108;1;726;384;818;342
108;2;6906;252;8450;8202
108;3;8768;1974;9395;7731
108;4;2885;1763;2728;1140
108;5;2015;445;1967;1685
108;6;297;297;269;0
108;7;279;0;305;305
108;8;40;40;40;0
108;9;288;98;315;190
108;10;9;9;9;9
109;1;9701;5858;9717;3843
109;2;10160;5150;10877;5010
109;3;41107;25105;40647;16812
109;4;61450;38623;61709;23079
109;5;7615;5013;8286;3443
109;6;15692;10940;15197;5076
109;7;3560;711;3308;2849
109;8;371;371;371;0
109;9;11359;9958;11420;1401
109;10;0;0;0;0
110;1;5131;2852;5131;3576
110;2;4957;2604;5275;2671
110;3;39650;26626;39074;15134
110;4;26634;13072;26804;13754
110;5;7626;5590;7626;2036
110;6;5929;5657;5929;273
110;7;2959;1029;2959;1929
110;8;0;0;0;0
110;9;4023;625;4023;3398
110;10;582;582;582;582
111;1;4804;3488;4804;1316
111;2;4225;2118;4225;2107
111;3;24499;17062;24742;8384
111;4;27785;16015;27227;11770
111;5;2326;1930;2326;397
111;6;4157;4157;3970;0
111;7;1270;489;1270;781
111;8;0;0;0;0
111;9;3574;3050;3761;898
111;10;0;0;0;0
112;1;3737;472;3739;3267
112;2;6622;5169;6622;1453
112;3;21033;8977;20425;12084
112;4;17280;9210;17577;8618
112;5;1773;487;1773;1286
112;6;3692;3011;3692;1390
112;7;1163;594;1793;568
112;8;0;0;0;0
112;9;982;982;854;0
112;10;0;0;0;0
113;1;4856;1514;5901;4387
113;2;9139;4333;8923;5292
113;3;17862;4473;17558;13090
113;4;19016;9319;17960;11481
113;5;3442;2129;2892;1313
113;6;1216;1216;1079;0
113;7;1729;1674;2279;55
113;8;0;0;0;0
113;9;1680;1070;1680;610
113;10;166;166;166;166
114;1;0;0;0;0
114;2;0;0;0;0
114;3;0;0;0;0
114;4;0;0;0;0
114;5;0;0;0;0
114;6;0;0;0;0
114;7;0;0;0;0
114;8;0;0;0;0
114;9;0;0;0;0
114;10;0;0;0;0
115;1;4935;2166;3787;2644
115;2;6058;2385;5737;3459
115;3;18700;12616;19046;7116
115;4;29611;14120;29372;15600
115;5;7062;5715;6105;1347
115;6;7903;6258;5793;1645
115;7;3221;2843;5774;934
115;8;0;0;0;0
115;9;3158;2115;4367;1043
115;10;0;0;0;0
116;1;8885;6766;7975;2119
116;2;15202;11801;17401;4562
116;3;68588;52302;67822;16720
116;4;130752;71418;131705;63796
116;5;5860;726;6853;6128
116;6;2109;1102;2109;1008
116;7;861;556;861;861
116;8;793;793;765;0
116;9;5671;3966;4714;748
116;10;0;0;0;0
117;1;5452;3629;5452;1823
117;2;3781;2096;3781;1685
117;3;30209;21698;26285;9282
117;4;27463;13863;29422;13748
117;5;3080;1735;3080;1346
117;6;7662;5014;7662;2648
117;7;4170;1210;4170;2960
117;8;0;0;0;0
117;9;5348;3081;5348;2267
117;10;0;0;0;0
118;1;1139;433;1420;988
118;2;2684;1998;2684;686
118;3;4876;2427;4804;2397
118;4;10479;6523;10286;4067
118;5;426;330;426;96
118;6;789;702;794;87
118;7;109;0;218;109
118;8;0;0;0;0
118;9;1325;504;1255;751
118;10;0;0;16;16
119;1;3300;1473;3300;1827
119;2;10648;7217;10625;3409
119;3;29741;20048;31124;11218
119;4;65761;32046;65981;34620
119;5;3276;1499;3276;1778
119;6;3990;3831;3990;160
119;7;1034;0;1034;1034
119;8;0;0;0;0
119;9;2229;1769;2217;460
119;10;0;0;0;0
120;1;0;0;0;0
120;2;0;0;0;0
120;3;0;0;0;0
120;4;0;0;0;0
120;5;0;0;0;0
120;6;0;0;0;0
120;7;0;0;0;0
120;8;0;0;0;0
120;9;0;0;0;0
120;10;0;0;0;0
121;1;10489;8214;10515;2274
121;2;9244;7526;9433;1718
121;3;23647;19569;21285;2473
121;4;53657;24734;54595;29377
121;5;1278;1278;2307;0
121;6;2817;2817;2817;0
121;7;99;99;99;0
121;8;0;0;0;0
121;9;4451;4451;3422;0
121;10;0;0;0;0
122;1;1904;1904;1904;0
122;2;7736;6007;7736;1728
122;3;10449;9588;10501;860
122;4;34894;20990;34671;14476
122;5;338;338;338;0
122;6;305;305;305;0
122;7;305;305;850;0
122;8;0;0;0;0
122;9;1254;832;948;445
122;10;0;0;0;0
123;1;3030;3030;3030;0
123;2;5792;4326;6019;1853
123;3;19123;18185;17432;1454
123;4;37385;25844;36482;11962
123;5;1488;0;459;459
123;6;884;600;884;283
123;7;5688;3055;6924;3660
123;8;0;0;0;0
123;9;1850;1130;2543;883
123;10;0;0;0;0
124;1;2085;1378;2085;960
124;2;10216;8213;9209;2179
124;3;18755;15233;18611;3446
124;4;48829;20749;49535;31529
124;5;3478;2146;3478;1332
124;6;2732;1555;2804;1278
124;7;976;317;947;631
124;8;0;0;0;0
124;9;1074;1074;1867;1029
124;10;0;0;0;0
125;1;6872;5289;6762;1583
125;2;6229;5854;5433;376
125;3;18996;12179;21846;8173
125;4;31940;14950;33282;17535
125;5;974;746;974;227
125;6;2816;2586;2332;230
125;7;4485;2308;3461;2178
125;8;0;0;0;0
125;9;1027;490;1027;537
125;10;0;0;0;0
126;1;1266;1266;1308;526
126;2;8880;4828;9255;4052
126;3;21643;11308;21123;9610
126;4;21566;8797;21492;13273
126;5;1481;735;1481;746
126;6;2214;1164;2214;1050
126;7;2130;1280;2014;850
126;8;140;140;140;0
126;9;986;271;1102;716
126;10;0;0;0;0
127;1;4143;1486;4143;2657
127;2;9777;5395;9705;4504
127;3;30366;16142;28970;14694
127;4;51051;19708;51668;32853
127;5;2965;1275;2124;1690
127;6;3633;3311;3918;1163
127;7;3441;2100;3557;1457
127;8;587;587;587;0
127;9;6907;4596;6821;2226
127;10;123;123;123;123
128;1;1850;104;1850;1745
128;2;3554;100;3554;3453
128;3;6602;1083;6582;5529
128;4;2276;381;2261;1895
128;5;198;95;214;103
128;6;5024;451;5345;5305
128;7;874;735;273;138
128;8;56;56;56;0
128;9;3400;135;3441;3364
128;10;152;43;148;108
129;1;1976;131;1976;1846
129;2;3302;241;3259;3061
129;3;13125;1622;14537;13517
129;4;3634;1299;3444;2356
129;5;1856;140;1863;1700
129;6;5990;808;5839;5673
129;7;1158;96;1199;1062
129;8;468;40;468;427
129;9;3202;77;3762;3722
129;10;364;364;240;240
130;1;248;215;224;33
130;2;1361;1206;1328;154
130;3;5493;2102;5696;3710
130;4;2966;1884;2763;1157
130;5;320;320;320;0
130;6;357;357;357;0
130;7;14;0;102;14
130;8;0;0;0;0
130;9;2150;1995;2062;2062
130;10;109;109;109;109
131;1;2643;57;2643;2586
131;2;773;104;688;577
131;3;8380;484;5826;5366
131;4;2336;365;2334;1979
131;5;442;18;433;424
131;6;500;109;500;391
131;7;239;120;2069;1949
131;8;0;0;0;0
131;9;3900;9;3197;3180
131;10;0;0;0;0
132;1;1681;1003;677;677
132;2;461;0;461;461
132;3;4391;371;4836;4836
132;4;75;0;721;721
132;5;0;0;0;0
132;6;1290;0;1290;1290
132;7;1256;0;1277;1277
132;8;531;0;531;531
132;9;801;275;526;526
132;10;0;0;1003;1003
133;1;3729;3468;3835;367
133;2;8585;4590;8585;4256
133;3;28053;14387;28172;14465
133;4;23008;5646;23272;17968
133;5;1835;868;1835;966
133;6;4797;47;4804;4804
133;7;3008;1162;2187;1833
133;8;0;0;0;0
133;9;1461;561;1414;900
133;10;298;298;615;615
134;1;1573;699;1573;873
134;2;3160;1129;3109;2032
134;3;23531;11123;25305;14301
134;4;21687;9492;21992;13329
134;5;3634;2806;3634;828
134;6;5651;3264;5737;2473
134;7;1484;1484;673;0
134;8;0;0;0;0
134;9;2103;1111;2103;992
134;10;322;0;322;322
135;1;2795;2308;2795;487
135;2;4153;2296;3043;1858
135;3;22260;10189;21713;12336
135;4;25806;12705;25575;13735
135;5;3166;2733;2362;433
135;6;4696;671;4736;4065
135;7;4911;3588;7199;2185
135;8;0;0;0;0
135;9;2105;1160;2323;944
135;10;86;0;288;86
136;1;8236;2100;8236;6524
136;2;3594;1623;3370;1971
136;3;24418;12012;24744;13394
136;4;18300;9790;18391;9232
136;5;3419;777;3319;2626
136;6;4809;4650;4904;566
136;7;1866;795;1866;1071
136;8;56;0;56;56
136;9;3559;1981;3341;1890
136;10;989;989;1131;1131
137;1;1712;842;1712;548
137;2;5529;3710;4855;1870
137;3;20868;11560;21069;10743
137;4;29268;15985;29705;13534
137;5;4095;3408;4079;686
137;6;2782;1362;2782;1420
137;7;1020;1020;1036;16
137;8;0;0;0;0
137;9;4025;2674;3599;1351
137;10;1113;404;1562;853
138;1;5469;937;5469;4532
138;2;4370;1457;5832;4274
138;3;10027;3143;10137;7078
138;4;8796;4387;8515;4432
138;5;2159;81;2749;2628
138;6;555;555;413;0
138;7;2065;1837;343;228
138;8;0;0;0;0
138;9;769;472;769;297
138;10;0;0;0;0
139;1;2760;1603;1892;1157
139;2;3560;2462;3559;1096
139;3;12495;8467;13020;4321
139;4;21175;11487;21330;10133
139;5;1435;964;1700;471
139;6;4945;2418;4810;2527
139;7;2780;710;3167;2092
139;8;233;233;233;0
139;9;1312;1287;1020;25
139;10;0;0;0;0
140;1;2937;2253;2915;684
140;2;5292;3593;5496;1924
140;3;14035;7552;13187;6486
140;4;22856;13032;22874;9841
140;5;3462;2068;3562;1493
140;6;2871;1767;2776;1104
140;7;1830;722;2102;1105
140;8;0;0;0;0
140;9;4550;3155;4851;1395
140;10;224;224;0;0
141;1;7267;4309;7267;2958
141;2;19917;13119;20366;7247
141;3;53597;32514;52718;26254
141;4;45719;29436;47600;21716
141;5;5460;4499;5325;961
141;6;10567;5454;10584;5130
141;7;3505;2297;3505;1208
141;8;427;427;427;0
141;9;5201;2935;5201;4844
141;10;475;475;0;0
142;1;5541;2130;5541;3412
142;2;5432;3360;5432;2073
142;3;29186;22969;29976;6215
142;4;24505;18603;23770;5903
142;5;1683;262;1683;1421
142;6;2103;1268;2103;835
142;7;197;0;197;197
142;8;0;0;0;0
142;9;2058;1983;2058;74
142;10;0;0;0;0
143;1;0;0;0;0
143;2;0;0;0;0
143;3;0;0;0;0
143;4;0;0;0;0
143;5;0;0;0;0
143;6;0;0;0;0
143;7;0;0;0;0
143;8;0;0;0;0
143;9;0;0;0;0
143;10;0;0;0;0
144;1;2946;2153;2946;792
144;2;16640;9284;16070;7934
144;3;57862;40568;55661;17729
144;4;65019;40868;63117;29894
144;5;18451;8204;18743;11583
144;6;4867;1527;5016;3489
144;7;7132;3549;8902;3583
144;8;0;0;0;0
144;9;7117;5061;6461;4060
144;10;655;578;655;655
145;1;32;32;32;0
145;2;691;372;639;319
145;3;3471;2456;3467;1077
145;4;7183;2199;7234;5046
145;5;718;718;714;0
145;6;195;195;195;0
145;7;734;31;734;703
145;8;0;0;0;0
145;9;191;144;191;47
145;10;151;76;151;76
146;1;0;0;0;0
146;2;0;0;0;0
146;3;0;0;0;0
146;4;0;0;0;0
146;5;0;0;0;0
146;6;0;0;0;0
146;7;0;0;0;0
146;8;0;0;0;0
146;9;0;0;0;0
146;10;0;0;0;0
147;1;2692;114;2692;2578
147;2;6286;4663;5941;2066
147;3;16462;10858;15446;5220
147;4;14066;9067;15439;5829
147;5;855;646;855;210
147;6;2325;2080;2183;245
147;7;436;120;374;317
147;8;0;0;0;0
147;9;2149;1881;2291;268
147;10;0;0;0;0
148;1;1050;436;1182;746
148;2;2120;1538;2120;583
148;3;14341;8550;15267;6413
148;4;12648;7697;12344;4951
148;5;363;274;342;89
148;6;2843;868;2843;1975
148;7;185;185;185;0
148;8;0;0;0;0
148;9;2269;2138;2290;2059
148;10;0;0;0;0
149;1;0;0;0;0
149;2;0;0;0;0
149;3;0;0;0;0
149;4;0;0;0;0
149;5;0;0;0;0
149;6;0;0;0;0
149;7;280;0;280;280
149;8;0;0;0;0
149;9;0;0;0;0
149;10;0;0;0;0
150;1;6091;3907;6091;2185
150;2;2673;2057;2673;616
150;3;23186;18242;21497;4944
150;4;21281;12272;21281;9008
150;5;479;365;479;114
150;6;2887;2022;2887;864
150;7;2830;1791;3624;1833
150;8;0;0;0;0
150;9;684;650;684;34
150;10;1232;616;1232;616
151;1;8383;6325;8383;2469
151;2;5650;3976;4320;1674
151;3;44698;27838;45375;16644
151;4;26257;19562;23900;6696
151;5;2600;1562;2600;1038
151;6;1492;1492;1492;0
151;7;8929;4853;8918;4076
151;8;0;0;0;0
151;9;4492;3818;4219;674
151;10;169;0;169;169
152;1;2024;1337;2177;840
152;2;9408;4943;9276;4563
152;3;13097;8213;11047;5216
152;4;18511;11029;19737;7811
152;5;4198;1912;4198;3076
152;6;5905;4861;5790;1044
152;7;3526;1459;4141;2066
152;8;604;0;604;604
152;9;3729;1982;3855;2109
152;10;0;0;0;0
153;1;1574;762;1553;812
153;2;1368;738;1499;630
153;3;9688;4687;9838;5275
153;4;7261;4735;6908;2602
153;5;4000;2442;3993;1711
153;6;2998;2107;2627;891
153;7;2766;1280;2987;1487
153;8;0;0;0;0
153;9;597;380;530;217
153;10;369;369;532;0
154;1;4068;2077;3463;1386
154;2;8223;5555;9476;3452
154;3;32273;15934;29925;19710
154;4;39384;15009;40643;27056
154;5;3482;1094;3437;2343
154;6;1755;1285;2205;921
154;7;4374;506;4795;4289
154;8;0;0;0;0
154;9;6527;1287;6739;5903
154;10;1091;673;690;690
155;1;1861;1122;1671;945
155;2;946;946;946;0
155;3;13039;9215;13308;4202
155;4;12746;8915;12528;3830
155;5;1853;1853;1853;0
155;6;2529;2529;2529;0
155;7;1080;1080;1080;0
155;8;0;0;0;0
155;9;1341;1341;1341;0
155;10;584;584;584;584
156;1;4939;2680;4939;2259
156;2;9959;5617;9948;4789
156;3;15361;9561;15839;6362
156;4;37868;17441;37349;21054
156;5;9279;4209;9324;5070
156;6;1177;1037;1177;407
156;7;4035;3059;3608;976
156;8;224;224;224;0
156;9;3535;3051;4221;1437
156;10;609;609;1027;295
157;1;1312;267;1312;1045
157;2;2201;2201;2201;0
157;3;6183;5671;6047;513
157;4;8691;4075;8691;4775
157;5;688;479;688;209
157;6;946;946;946;0
157;7;654;420;654;235
157;8;0;0;0;0
157;9;358;209;358;149
157;10;0;0;0;0
158;1;1141;1044;1698;97
158;2;7009;4320;6396;2710
158;3;15102;10083;15211;5415
158;4;25458;12577;25548;12881
158;5;687;252;687;435
158;6;3946;3946;3946;106
158;7;473;0;473;473
158;8;0;0;0;0
158;9;4010;3418;4009;590
158;10;21;21;21;21
159;1;8584;5261;8632;3322
159;2;10445;6868;8029;3577
159;3;29491;16013;28686;13838
159;4;36066;19927;37076;16797
159;5;3319;2065;3319;1255
159;6;9523;8615;9523;908
159;7;2790;1735;2790;1055
159;8;0;0;0;0
159;9;4002;1656;4002;2346
159;10;0;0;0;0
160;1;2734;1580;2793;1212
160;2;7118;5460;5207;1676
160;3;28187;16791;27975;11737
160;4;20555;11319;23112;9236
160;5;1475;974;1475;501
160;6;4591;3115;4210;1476
160;7;1009;645;1357;364
160;8;0;0;0;0
160;9;1290;949;1290;341
160;10;0;0;0;0
161;1;11266;6624;12270;6148
161;2;12745;6649;13142;6571
161;3;34712;14379;33497;20226
161;4;19965;13244;20411;7239
161;5;2994;1987;2994;1007
161;6;5352;501;5381;4880
161;7;750;750;724;445
161;8;8;0;8;8
161;9;2700;1577;2992;1564
161;10;1063;1063;60;60
162;1;4351;105;4246;4246
162;2;8186;2737;8780;6290
162;3;15143;4066;15322;11907
162;4;12626;4089;12247;8537
162;5;1436;585;1359;851
162;6;376;376;366;0
162;7;1187;582;1187;604
162;8;224;0;224;224
162;9;461;228;461;234
162;10;82;82;82;0
163;1;4020;1652;4020;2368
163;2;6499;3532;8428;4896
163;3;22592;11278;22316;12578
163;4;27122;13501;25227;13655
163;5;4332;2690;5093;2403
163;6;4757;1685;4768;3082
163;7;4295;3010;3534;1285
163;8;0;0;0;0
163;9;2209;1480;2209;1198
163;10;1262;631;1262;631
164;1;3183;412;4309;4113
164;2;3245;1063;2803;2182
164;3;10524;1494;9729;8308
164;4;1875;873;1875;1001
164;5;577;181;655;400
164;6;1425;222;1425;1202
164;7;500;396;143;105
164;8;0;0;0;0
164;9;359;359;359;0
164;10;216;216;216;216
165;1;1937;251;1937;1686
165;2;3669;437;4100;3749
165;3;5947;855;5941;5168
165;4;4339;874;4232;3358
165;5;1753;126;1753;1627
165;6;261;169;261;92
165;7;2017;0;2017;2017
165;8;27;27;27;0
165;9;46;46;48;0
165;10;0;0;0;0
166;1;1463;731;2494;1763
166;2;11014;4314;11014;6700
166;3;40799;15203;41655;30023
166;4;25730;10051;24208;17165
166;5;7479;4657;6418;2822
166;6;9520;1575;9559;8336
166;7;6593;1052;6804;5667
166;8;0;0;0;0
166;9;3624;1997;3141;1627
166;10;1507;1507;2136;1988
167;1;4156;773;4430;3715
167;2;11015;953;12448;11760
167;3;40551;7126;38909;33884
167;4;17164;7601;16120;10513
167;5;6384;1109;6575;6087
167;6;11239;1135;11728;11007
167;7;2897;97;3133;2979
167;8;0;0;0;0
167;9;7928;1547;7625;7281
167;10;1472;1472;1851;1851
168;1;1349;558;1139;791
168;2;10700;1249;10864;9615
168;3;26301;10624;25691;17052
168;4;15243;7935;15375;7678
168;5;5633;1418;5555;4215
168;6;3185;1876;3185;1310
168;7;4581;2133;4703;2448
168;8;0;0;0;0
168;9;6526;878;6134;5330
168;10;264;264;422;422
169;1;1998;1071;1998;928
169;2;5358;1105;5147;4253
169;3;29359;13561;26631;18308
169;4;45847;13205;49549;39086
169;5;2563;1313;2563;1250
169;6;3384;1418;3471;2037
169;7;8333;3506;8333;4902
169;8;0;0;0;0
169;9;4301;1930;3791;2671
169;10;830;830;325;325
170;1;2353;951;2096;1402
170;2;17894;4730;18988;14472
170;3;30543;12342;29061;19885
170;4;36709;15856;36148;20999
170;5;4822;1526;4822;3297
170;6;8780;542;8702;8160
170;7;8807;587;8807;8220
170;8;728;0;728;728
170;9;4236;1997;4501;2282
170;10;1301;1301;1301;1090
171;1;2755;0;2761;2761
171;2;5216;3108;5543;2108
171;3;16361;8921;15874;7994
171;4;31340;17535;30779;13848
171;5;2809;2480;2809;329
171;6;2567;1328;2953;1684
171;7;2722;1841;3847;1593
171;8;0;0;0;0
171;9;3630;2171;2724;1327
171;10;469;0;469;469
172;1;178;178;178;0
172;2;4559;1140;4559;3419
172;3;9982;8279;9774;1802
172;4;19795;7521;20095;14273
172;5;1489;687;1489;802
172;6;2243;1878;2243;365
172;7;1975;1293;1562;683
172;8;0;0;0;0
172;9;3743;1901;3743;1841
172;10;0;0;0;0
173;1;1292;281;1717;1436
173;2;4375;1914;4328;2461
173;3;10327;6823;10080;4437
173;4;10479;5957;10632;4701
173;5;436;273;427;309
173;6;0;0;0;0
173;7;570;570;570;0
173;8;0;0;0;0
173;9;1019;297;1043;746
173;10;200;200;200;200
174;1;1479;1479;1479;0
174;2;6396;6022;6396;560
174;3;12791;10419;12946;2825
174;4;24973;13965;24865;11658
174;5;2395;1296;2395;1099
174;6;1430;1430;1430;0
174;7;1785;1785;1785;0
174;8;0;0;0;0
174;9;3065;1850;3065;1215
174;10;0;0;0;0
175;1;1994;1994;1994;0
175;2;2715;2615;1967;99
175;3;6894;4802;7238;2851
175;4;9686;7467;9885;2660
175;5;806;581;806;226
175;6;983;396;983;586
175;7;107;0;107;107
175;8;219;128;219;91
175;9;468;303;468;166
175;10;350;175;350;175
176;1;2425;1414;2425;1011
176;2;6705;3842;7463;2862
176;3;14507;10169;15647;5188
176;4;20382;6600;20370;13770
176;5;1340;420;1340;1340
176;6;2123;1870;527;252
176;7;2612;1258;2205;1354
176;8;0;0;0;0
176;9;2588;1860;2060;845
176;10;0;0;0;0
177;1;449;449;449;0
177;2;2536;1342;2415;1194
177;3;5737;5053;5634;685
177;4;5948;4718;6069;1341
177;5;478;478;478;0
177;6;1817;1296;1817;520
177;7;1647;230;1603;1373
177;8;91;91;91;0
177;9;436;436;436;0
177;10;0;0;0;0
178;1;583;0;583;583
178;2;0;0;0;0
178;3;193;0;177;177
178;4;7967;0;7995;7995
178;5;0;0;0;0
178;6;0;0;0;0
178;7;0;0;0;0
178;8;0;0;0;0
178;9;0;0;0;0
178;10;0;0;0;0
179;1;0;0;0;0
179;2;0;0;0;0
179;3;0;0;0;0
179;4;0;0;0;0
179;5;0;0;0;0
179;6;0;0;0;0
179;7;0;0;0;0
179;8;0;0;0;0
179;9;0;0;0;0
179;10;0;0;0;0
180;1;9991;5749;10048;4356
180;2;8270;6098;7260;2172
180;3;23480;19157;22497;4544
180;4;45069;26763;45876;19577
180;5;3995;2354;5110;2151
180;6;3474;1675;2480;1799
180;7;3201;2639;3589;562
180;8;0;0;0;0
180;9;4045;3331;3737;850
180;10;456;57;456;456
181;1;4953;3904;5179;1275
181;2;7389;3018;7723;4551
181;3;18974;11411;18317;7842
181;4;27240;12527;27589;15282
181;5;2806;1276;2330;1530
181;6;5382;2906;5640;2257
181;7;1776;875;2139;1264
181;8;0;0;0;0
181;9;2544;1747;2363;1273
181;10;0;0;0;0
182;1;3506;1937;3506;1569
182;2;8190;3789;8190;3789
182;3;15549;13277;16892;3966
182;4;33786;19887;33378;13872
182;5;653;155;662;662
182;6;5824;5012;5824;812
182;7;382;0;382;382
182;8;0;0;0;0
182;9;2032;610;2032;1422
182;10;612;612;612;612
183;1;1435;1435;1010;0
183;2;3268;2618;3035;417
183;3;20738;14785;20067;5839
183;4;20170;13406;21022;7213
183;5;830;830;830;0
183;6;2700;1699;2700;1001
183;7;2462;1813;2462;649
183;8;472;472;472;0
183;9;5465;5465;5442;0
183;10;0;0;0;0
184;1;648;462;522;186
184;2;2870;1004;2728;1866
184;3;9092;6567;8845;2525
184;4;10928;6492;11442;4436
184;5;653;653;648;0
184;6;2522;2522;2522;0
184;7;1642;1617;1357;25
184;8;0;0;0;0
184;9;1666;1666;1666;0
184;10;0;0;0;0
185;1;939;671;939;268
185;2;4870;2723;4245;2147
185;3;7009;5940;8438;1565
185;4;24214;10479;24325;14357
185;5;1067;140;1067;927
185;6;1042;965;1042;77
185;7;524;524;98;0
185;8;137;137;137;0
185;9;2000;1845;2000;155
185;10;0;0;0;0
186;1;139;139;187;0
186;2;1218;1135;1170;83
186;3;5961;3899;5617;2061
186;4;6345;3868;6536;2477
186;5;526;89;526;437
186;6;550;427;550;123
186;7;1801;258;909;651
186;8;0;0;0;0
186;9;864;0;1323;1323
186;10;0;0;0;0
187;1;2538;2538;2185;0
187;2;3900;3332;3900;568
187;3;18186;14873;18630;4581
187;4;39912;23452;38907;16907
187;5;5266;4377;5266;889
187;6;2619;2266;2837;353
187;7;2095;2061;1876;33
187;8;0;0;0;0
187;9;1314;1314;1314;0
187;10;399;399;399;0
188;1;2251;1993;2251;258
188;2;3045;2555;3071;587
188;3;13174;8142;14210;6706
188;4;45312;16273;44585;31853
188;5;2788;1775;2797;1022
188;6;3014;1759;3295;1255
188;7;1048;692;785;355
188;8;0;0;0;0
188;9;2413;1622;2413;791
188;10;97;97;97;97
189;1;2052;662;2348;1686
189;2;6153;4782;5936;1371
189;3;20567;13195;19636;8182
189;4;35157;19896;35088;15638
189;5;2042;1678;1829;364
189;6;4255;2510;4255;1794
189;7;1737;0;3845;3845
189;8;936;936;936;0
189;9;759;553;759;206
189;10;469;469;469;469
190;1;2168;911;2706;1795
190;2;6307;2375;6565;4833
190;3;23466;10057;22994;14008
190;4;13593;6911;13937;7026
190;5;3566;2294;3549;1272
190;6;4791;1799;4860;4140
190;7;6591;3354;6676;3322
190;8;0;0;0;0
190;9;4450;1995;3833;2454
190;10;1012;1012;246;246
191;1;0;0;418;418
191;2;3381;0;3381;3381
191;3;8899;0;11971;11971
191;4;10851;2585;7965;7965
191;5;105;0;270;270
191;6;597;597;0;0
191;7;4664;0;5294;5294
191;8;791;0;791;791
191;9;5083;165;4918;4918
191;10;198;198;0;0
192;1;1622;1488;1607;133
192;2;3434;2401;3599;1497
192;3;14188;9180;13578;5783
192;4;19530;11798;19421;8100
192;5;3367;2781;3367;585
192;6;2105;1951;2105;153
192;7;1098;561;1237;537
192;8;0;0;0;0
192;9;4433;2889;4920;1985
192;10;944;944;944;944
193;1;882;425;1021;596
193;2;1085;972;1085;113
193;3;10110;6324;9256;3337
193;4;8312;6762;8312;1550
193;5;2006;0;2006;2006
193;6;1075;854;1075;221
193;7;808;308;808;500
193;8;0;0;0;0
193;9;499;313;905;592
193;10;0;0;0;0
194;1;1168;1168;1030;0
194;2;5412;3024;5412;2388
194;3;5925;3401;5692;2524
194;4;14114;7382;14114;6991
194;5;1249;1036;1462;213
194;6;743;743;776;0
194;7;753;464;773;150
194;8;0;0;0;0
194;9;2208;1608;2208;599
194;10;0;0;0;0
195;1;149;0;930;930
195;2;9594;5109;9594;4486
195;3;18595;13523;18386;5263
195;4;21866;13800;22390;8590
195;5;1398;407;1619;1229
195;6;668;196;472;472
195;7;191;191;191;0
195;8;0;0;0;0
195;9;1959;1350;2350;1001
195;10;0;0;0;0
196;1;550;0;550;550
196;2;2770;1401;2560;1369
196;3;13921;10875;13946;3047
196;4;33021;20209;32445;15396
196;5;3373;2196;3813;1055
196;6;850;850;850;0
196;7;85;0;85;85
196;8;0;0;0;0
196;9;1328;1145;1307;183
196;10;447;447;447;0
197;1;2300;1428;2300;872
197;2;3574;1140;3985;2845
197;3;13198;8062;12379;6176
197;4;19289;8895;20951;14627
197;5;1179;586;728;494
197;6;789;635;802;154
197;7;720;276;720;444
197;8;0;0;0;0
197;9;2005;98;2013;1915
197;10;0;0;237;237
198;1;1547;83;1547;1464
198;2;7807;3760;7807;4047
198;3;30499;9678;31194;22039
198;4;19777;11685;18511;9171
198;5;6786;1456;6786;5330
198;6;10244;1648;10884;9885
198;7;4100;1352;4100;2748
198;8;976;849;976;128
198;9;5568;1505;5267;4433
198;10;684;237;447;447
199;1;4655;3783;4655;872
199;2;11480;9630;10260;1850
199;3;34642;28482;32254;7436
199;4;76431;38582;80337;40624
199;5;3639;2186;3639;1453
199;6;1061;972;1061;89
199;7;333;144;333;189
199;8;0;0;0;0
199;9;4486;3368;4486;1118
199;10;0;0;0;0
200;1;1186;769;1186;417
200;2;4569;4569;4569;0
200;3;11026;8632;10745;2386
200;4;25693;16499;25745;9194
200;5;1546;1110;1546;437
200;6;883;553;883;329
200;7;1132;1132;1132;0
200;8;0;0;0;0
200;9;2025;2025;2075;0
200;10;156;0;327;171
201;1;1014;1014;1014;0
201;2;4856;3062;4856;1794
201;3;24945;19255;24406;6999
201;4;61600;27947;63425;34342
201;5;1155;808;517;347
201;6;2741;1869;2741;872
201;7;4869;0;4869;4869
201;8;849;0;849;849
201;9;4379;1886;3690;2494
201;10;0;0;0;0
202;1;5163;4451;4382;712
202;2;7457;4242;7491;3629
202;3;30962;25264;30368;6521
202;4;68589;39349;68690;29353
202;5;6911;4156;7263;3107
202;6;4036;2451;4021;1585
202;7;3315;2488;3315;1496
202;8;0;0;0;0
202;9;1095;568;1095;528
202;10;0;0;0;0
203;1;827;827;827;0
203;2;4962;4463;4710;499
203;3;18574;15313;18711;4169
203;4;46811;24720;46785;21440
203;5;2648;2648;2648;0
203;6;4716;3693;4716;1023
203;7;218;218;218;0
203;8;250;250;250;0
203;9;724;724;724;0
203;10;211;211;211;211
204;1;6356;4672;5938;1685
204;2;21378;13736;21865;8129
204;3;29923;19612;34609;13539
204;4;53406;28148;52525;26833
204;5;7996;4865;7392;3430
204;6;9017;8082;9017;935
204;7;3825;2646;3944;1298
204;8;0;0;0;0
204;9;9145;7716;5081;1429
204;10;416;416;416;416
205;1;4454;4422;4157;32
205;2;18022;13789;18191;5013
205;3;33402;24187;32596;10177
205;4;70123;37511;69343;33497
205;5;619;619;1032;0
205;6;473;473;483;0
205;7;1383;327;1056;1056
205;8;0;0;0;0
205;9;3123;2062;3123;251
205;10;0;0;0;0
206;1;2272;1275;2272;997
206;2;6733;2520;6733;4593
206;3;25399;13922;23057;11559
206;4;30508;17969;30553;12538
206;5;1908;563;1908;1345
206;6;1650;1539;1450;111
206;7;1768;0;2026;1369
206;8;190;190;190;0
206;9;4811;1900;4589;2690
206;10;121;121;121;121
207;1;2729;2117;2729;612
207;2;12243;9256;10802;2987
207;3;34349;26232;32166;7878
207;4;77841;30701;79885;49508
207;5;8606;3640;8277;4966
207;6;3332;1476;3645;2169
207;7;1330;657;673;673
207;8;0;0;0;0
207;9;8020;6855;7962;557
207;10;0;0;0;0
208;1;7438;2935;7786;4851
208;2;11840;7463;11329;5689
208;3;31472;10143;32879;22184
208;4;15421;7671;15498;7934
208;5;2296;1921;2142;376
208;6;3369;1967;3369;1402
208;7;5791;5138;5068;807
208;8;330;0;330;330
208;9;2775;484;2291;2291
208;10;281;281;86;86
209;1;7641;4835;7735;3513
209;2;9088;3895;8624;5068
209;3;23686;17131;22839;7719
209;4;19159;9586;20029;9572
209;5;2211;1262;2892;1630
209;6;3675;2515;3796;1281
209;7;2160;1220;2211;940
209;8;0;0;0;0
209;9;1216;205;722;560
209;10;141;141;141;141
210;1;2248;805;2865;2060
210;2;13563;5465;14316;9258
210;3;17206;5316;16912;12069
210;4;17145;3796;17119;13347
210;5;2784;991;2555;2302
210;6;4096;1914;4096;2182
210;7;3052;1546;2963;1418
210;8;0;0;0;0
210;9;2400;1314;2485;1171
210;10;0;0;0;0
211;1;4258;2857;4258;1401
211;2;7888;5244;9739;4304
211;3;29354;17269;28691;12080
211;4;17144;11074;18156;7139
211;5;1594;1438;1594;157
211;6;2292;1874;1488;418
211;7;3251;3055;3057;197
211;8;0;0;0;0
211;9;4435;2377;4319;2263
211;10;0;0;0;0
212;1;3250;2370;2098;880
212;2;6884;2882;6368;4001
212;3;16646;11454;18248;5977
212;4;22158;11316;22305;11292
212;5;2553;1951;2553;602
212;6;1167;1167;1191;0
212;7;507;331;507;176
212;8;0;0;0;0
212;9;2264;2058;2322;206
212;10;0;0;0;0
213;1;6532;1557;5718;4161
213;2;10734;4579;11099;6727
213;3;28752;17773;28102;11462
213;4;19904;10561;20693;9343
213;5;3951;2875;3934;1188
213;6;2643;2372;2655;271
213;7;1397;1356;1397;41
213;8;0;0;0;0
213;9;1158;0;1158;1158
213;10;216;216;216;216
214;1;2867;933;3101;2168
214;2;5797;3768;6145;2377
214;3;12764;5145;12388;7243
214;4;10068;1732;10068;8480
214;5;546;546;546;0
214;6;483;396;483;87
214;7;905;470;1281;435
214;8;250;0;250;250
214;9;4800;3210;4050;1589
214;10;0;0;0;0
215;1;1645;976;1416;783
215;2;7811;5038;7811;2772
215;3;20657;8786;20646;13297
215;4;19091;11212;19261;7990
215;5;1725;1305;1725;420
215;6;2400;810;2923;2113
215;7;1418;994;1418;693
215;8;0;0;0;0
215;9;4514;2994;3829;1526
215;10;655;655;655;655
216;1;3282;2216;3282;1529
216;2;1730;221;2074;1527
216;3;16191;11629;16579;5894
216;4;29017;14870;29631;15034
216;5;1979;1172;1635;807
216;6;2716;2211;2254;504
216;7;1607;1607;1607;0
216;8;0;0;0;0
216;9;4000;687;4523;3836
216;10;329;329;329;329
217;1;1170;548;1170;622
217;2;2834;1197;2834;1637
217;3;7532;5270;8483;3212
217;4;19438;7431;18859;12006
217;5;627;486;627;141
217;6;832;300;832;532
217;7;450;372;78;78
217;8;0;0;0;0
217;9;470;122;470;348
217;10;0;0;0;0
218;1;2614;1176;2740;1564
218;2;15932;8339;14953;7830
218;3;24094;17853;22047;6528
218;4;37849;19856;39534;20368
218;5;9854;4835;9854;5019
218;6;6218;5893;6437;545
218;7;4670;2309;5431;2361
218;8;0;0;0;0
218;9;6909;2871;6933;4028
218;10;195;195;422;422
219;1;6727;4395;6727;2332
219;2;5184;3871;5184;1313
219;3;17054;13352;16589;5232
219;4;29782;16622;30218;15056
219;5;2694;1997;2694;697
219;6;1945;1945;1945;0
219;7;2433;1879;2433;554
219;8;0;0;0;0
219;9;3106;1219;3106;534
219;10;304;304;304;304
220;1;3194;1389;2892;1805
220;2;6361;5060;6428;1783
220;3;10124;6689;10800;3435
220;4;17902;12598;17090;5786
220;5;2309;1833;2309;476
220;6;2456;1578;2237;878
220;7;2265;2265;2473;0
220;8;0;0;0;0
220;9;5073;2191;5410;2188
220;10;259;259;259;0
221;1;3155;881;3767;3109
221;2;14440;4349;14122;10092
221;3;14719;8693;15402;6034
221;4;28863;17182;28448;11680
221;5;4774;0;5418;5418
221;6;2390;1107;2390;1283
221;7;1106;224;1106;882
221;8;0;0;0;0
221;9;2936;284;2653;2653
221;10;835;835;0;0
222;1;4764;3748;3929;1015
222;2;7687;5556;7687;2132
222;3;17164;11569;17719;5598
222;4;26112;13839;25123;12273
222;5;220;220;220;0
222;6;6116;4237;6312;2668
222;7;5529;2640;5529;2889
222;8;0;0;0;0
222;9;4491;2598;4284;2042
222;10;0;0;835;835
223;1;5268;4694;4729;574
223;2;3138;2495;3355;1024
223;3;16159;8519;15293;7639
223;4;10395;7202;10961;3571
223;5;4489;770;4497;3727
223;6;340;185;440;155
223;7;2299;1768;2207;531
223;8;0;0;0;0
223;9;4390;1613;4486;2862
223;10;0;0;736;736
224;1;275;0;275;275
224;2;0;0;0;0
224;3;1470;0;1470;1470
224;4;4634;0;4634;4634
224;5;0;0;0;0
224;6;0;0;0;0
224;7;1067;0;1067;1067
224;8;0;0;0;0
224;9;0;0;0;0
224;10;0;0;0;0
225;1;5006;2509;5371;2862
225;2;7755;3623;7470;4538
225;3;18235;11189;18439;7600
225;4;22676;13864;22389;9702
225;5;2231;1339;2609;891
225;6;810;810;810;0
225;7;1493;734;1493;759
225;8;256;256;256;0
225;9;1639;1062;1639;577
225;10;406;406;406;406
226;1;3755;2707;3755;1048
226;2;9376;8017;9592;1574
226;3;27538;18734;28245;9064
226;4;50009;23690;49736;26654
226;5;4049;2278;4240;1780
226;6;5409;3986;4539;1423
226;7;6164;6164;6164;0
226;8;0;0;0;0
226;9;7255;4336;7500;3092
226;10;0;0;0;0
227;1;6483;5123;6469;1360
227;2;8907;4706;8907;4201
227;3;28541;13690;26971;14866
227;4;36242;21357;36242;14885
227;5;6756;4586;7520;2189
227;6;1830;1176;2323;1147
227;7;1335;1102;522;522
227;8;0;0;0;0
227;9;8176;5818;8538;3541
227;10;0;0;0;0
228;1;4387;4016;4039;371
228;2;2185;2185;2185;0
228;3;16380;13446;17600;3155
228;4;27466;16298;27431;13643
228;5;1558;1471;1558;87
228;6;664;664;1012;0
228;7;1855;1495;2746;359
228;8;0;0;0;0
228;9;6485;4450;7004;3709
228;10;689;689;689;689
229;1;9114;7644;9160;2336
229;2;13428;10529;14365;2899
229;3;58671;44965;55870;13995
229;4;102304;53622;102002;57447
229;5;4352;2955;3147;1397
229;6;8100;4490;8698;3610
229;7;5211;3052;5369;3260
229;8;0;0;0;0
229;9;10065;7395;10542;3780
229;10;681;341;681;341
230;1;2687;1002;2687;579
230;2;8738;5614;8467;3959
230;3;18736;13969;17487;5067
230;4;48838;25698;50658;25619
230;5;4183;4183;3817;0
230;6;6812;4160;7178;3018
230;7;1177;0;1201;1201
230;8;0;0;0;0
230;9;4045;3674;4286;1527
230;10;0;0;0;0
231;1;5067;4128;5293;1165
231;2;9346;7153;9319;1967
231;3;10476;7637;10277;2840
231;4;16274;10890;16274;5384
231;5;5025;1513;5025;3512
231;6;1031;739;1031;292
231;7;446;446;446;0
231;8;0;0;0;0
231;9;982;273;982;709
231;10;131;0;131;131
232;1;4846;3828;3277;1018
232;2;4072;3873;3165;0
232;3;13061;9880;13181;3748
232;4;35314;15600;36701;20466
232;5;2885;2146;2507;739
232;6;2572;2058;2572;514
232;7;5168;3343;5513;1825
232;8;0;0;0;0
232;9;915;915;1158;0
232;10;369;369;369;369
233;1;5315;4682;4866;633
233;2;9847;6676;11274;4567
233;3;22397;15639;22426;6506
233;4;35146;18881;33714;16265
233;5;1836;681;1836;1154
233;6;2324;1469;1883;855
233;7;116;116;116;0
233;8;804;804;804;0
233;9;4615;2917;5056;2950
233;10;0;0;0;0
234;1;4670;4349;4670;320
234;2;6803;6211;6803;592
234;3;15541;11189;15578;4720
234;4;40025;23847;39673;16956
234;5;3396;1949;3860;1447
234;6;4354;3810;4354;545
234;7;2060;1746;1948;628
234;8;0;0;0;0
234;9;5119;4690;5119;428
234;10;0;0;0;0
235;1;8044;5234;8044;2809
235;2;11737;9172;10070;2589
235;3;16087;8774;16362;7588
235;4;42827;20186;42827;22641
235;5;2658;2379;2658;278
235;6;1542;940;1542;602
235;7;1888;1446;4301;1188
235;8;461;461;461;0
235;9;340;275;64;64
235;10;25;25;25;25
236;1;2189;0;2542;2542
236;2;2289;1010;1897;1351
236;3;13216;4477;13140;8786
236;4;10118;3471;10095;7332
236;5;2257;942;1839;1315
236;6;1141;759;2103;1555
236;7;432;432;468;152
236;8;0;0;0;0
236;9;1633;1267;1062;653
236;10;112;112;823;823
237;1;1347;215;1977;1762
237;2;8614;2041;10334;9063
237;3;8226;3346;8859;6129
237;4;5783;2666;5067;3117
237;5;3876;757;3872;3257
237;6;2552;508;2552;2044
237;7;3231;1277;3307;2485
237;8;325;0;325;325
237;9;3147;993;3253;2351
237;10;2461;2461;1200;1200
238;1;5324;1069;5192;4255
238;2;2341;1159;2449;1290
238;3;11758;5814;11277;7662
238;4;5601;3134;6076;2819
238;5;857;762;608;95
238;6;1132;1042;1139;85
238;7;2499;1837;2854;778
238;8;0;0;0;0
238;9;2108;1347;2240;762
238;10;526;526;526;526
239;1;1002;366;917;635
239;2;3389;1310;2584;1774
239;3;20856;8190;19795;16487
239;4;18249;4062;19570;15368
239;5;3494;2624;4042;870
239;6;4578;1549;4143;3629
239;7;4044;2559;4032;1485
239;8;0;0;0;0
239;9;2671;858;2672;1813
239;10;2139;2139;2791;2791
240;1;2365;949;2019;1417
240;2;4655;2421;4655;2235
240;3;15827;5624;14874;9470
240;4;8094;5036;8498;3539
240;5;1278;617;1489;661
240;6;2689;371;2669;2298
240;7;5446;2819;4980;2628
240;8;0;0;0;0
240;9;2028;1487;2158;591
240;10;47;0;0;0
241;1;5332;1541;5956;4712
241;2;4106;1281;5188;4159
241;3;10604;4449;9821;5783
241;4;5583;4350;4615;1507
241;5;2376;913;2371;1851
241;6;802;52;790;790
241;7;1603;717;1949;886
241;8;0;0;0;0
241;9;1123;852;1174;272
241;10;277;277;47;0
242;1;6316;2102;5872;4235
242;2;4245;2320;4247;2319
242;3;12567;8252;12955;5300
242;4;10101;7737;9853;2364
242;5;1347;1347;1530;419
242;6;4561;2628;4838;2210
242;7;4816;3005;4633;1811
242;8;656;656;470;0
242;9;1829;1406;1829;423
242;10;1368;1368;1644;1644
243;1;12339;5047;11939;7292
243;2;8979;3334;9351;6521
243;3;25820;12768;30812;17355
243;4;37853;13662;36212;24340
243;5;4181;1957;4181;2224
243;6;833;444;833;389
243;7;2083;444;2083;1639
243;8;548;0;548;548
243;9;3103;536;3166;3166
243;10;549;549;870;870
244;1;4747;4747;4576;189
244;2;21873;15690;20212;7188
244;3;26182;18537;21723;7386
244;4;26702;20301;28639;6667
244;5;1617;828;1931;806
244;6;3541;1777;3228;1860
244;7;5888;5240;7167;648
244;8;189;0;189;189
244;9;1198;0;1198;1198
244;10;730;730;730;730
245;1;1870;1275;1976;701
245;2;3345;2578;3332;766
245;3;5841;5386;6752;1366
245;4;8938;4982;8667;3999
245;5;3704;2682;3704;1023
245;6;1254;757;1254;497
245;7;0;0;0;0
245;8;0;0;0;0
245;9;239;201;239;37
245;10;0;0;0;0
246;1;2078;1696;1693;773
246;2;5230;4432;5230;798
246;3;10948;8148;10986;2672
246;4;18230;6922;18553;11309
246;5;517;517;517;0
246;6;2991;2401;2991;590
246;7;409;409;409;0
246;8;0;0;0;0
246;9;2521;2161;2709;575
246;10;131;131;131;131
247;1;6101;5868;6229;361
247;2;6680;2270;6820;4785
247;3;34678;22844;34678;12001
247;4;45560;27575;45147;17985
247;5;2400;524;2400;1876
247;6;2448;873;1933;1575
247;7;5965;4473;5965;1492
247;8;0;0;0;0
247;9;2143;1369;2170;801
247;10;0;0;235;235
248;1;0;0;0;0
248;2;0;0;0;0
248;3;1268;215;1053;1053
248;4;0;0;0;0
248;5;0;0;0;0
248;6;0;0;0;0
248;7;227;0;227;227
248;8;0;0;0;0
248;9;0;0;0;0
248;10;0;0;215;215
249;1;3584;1429;3584;2155
249;2;11153;8320;12174;4211
249;3;8307;7531;7287;943
249;4;16449;7682;16449;8767
249;5;5140;4097;5140;1503
249;6;2161;1888;2161;273
249;7;1105;829;1105;427
249;8;0;0;0;0
249;9;3936;3418;3896;517
249;10;1543;1543;1543;1543
250;1;286;0;286;286
250;2;4420;1155;4545;3798
250;3;16698;7789;15853;9603
250;4;11355;8892;9611;2462
250;5;5865;659;5781;5206
250;6;2243;1921;2243;323
250;7;3352;300;3352;3052
250;8;0;0;0;0
250;9;2430;468;3683;3215
250;10;205;40;205;205
251;1;1373;1124;1360;236
251;2;5820;3673;5820;2147
251;3;8628;5406;9131;4103
251;4;9142;5958;8640;3185
251;5;2622;1151;2216;1471
251;6;610;307;610;303
251;7;2576;1690;3306;1209
251;8;0;0;0;0
251;9;851;511;596;85
251;10;0;0;0;0
252;1;796;407;796;389
252;2;4808;3011;3135;776
252;3;10403;8692;10643;2988
252;4;8377;4245;10840;6073
252;5;2895;1277;3143;1745
252;6;2225;1692;2225;533
252;7;983;567;983;416
252;8;0;0;0;0
252;9;3923;3465;2784;464
252;10;164;164;37;37
253;1;2280;778;2370;1502
253;2;2856;431;2891;2425
253;3;3782;1027;3434;2376
253;4;1657;1576;1464;81
253;5;1207;160;1207;1047
253;6;1108;160;1108;948
253;7;282;282;109;0
253;8;21;21;21;0
253;9;297;199;472;272
253;10;0;0;0;0
254;1;3717;2767;3467;898
254;2;14713;6528;14449;8220
254;3;27465;8883;28763;20712
254;4;34659;8144;36414;27985
254;5;4185;2220;3616;1991
254;6;6069;4603;6638;2035
254;7;4967;1832;4962;3184
254;8;0;0;0;0
254;9;5223;1758;4754;3562
254;10;0;0;0;0
255;1;5333;1539;5107;3794
255;2;10860;8327;11426;4773
255;3;25606;16281;25559;8123
255;4;34745;20196;34333;17065
255;5;4201;1861;4201;2340
255;6;2068;1231;2068;837
255;7;5370;3680;5032;1690
255;8;0;0;0;0
255;9;3689;1153;3689;2536
255;10;0;0;0;0
256;1;3271;338;3381;2933
256;2;3366;2809;3097;277
256;3;12255;8800;12043;3814
256;4;19820;12854;18689;6966
256;5;2032;1033;2756;1190
256;6;3727;2268;4048;1459
256;7;1106;762;1369;529
256;8;307;0;307;307
256;9;2326;1636;2690;690
256;10;0;0;0;0
257;1;6750;3004;6750;3746
257;2;4666;2996;4103;1670
257;3;18297;15704;18019;2414
257;4;18387;11071;18772;7547
257;5;959;204;959;756
257;6;1398;1398;1398;0
257;7;1095;765;1095;331
257;8;0;0;0;0
257;9;491;300;491;491
257;10;0;0;0;0
258;1;11677;7374;11677;4303
258;2;1388;828;1388;809
258;3;24044;19877;24434;4749
258;4;28385;12682;28317;15635
258;5;3287;3087;3287;200
258;6;4022;3600;4039;422
258;7;1060;491;1060;569
258;8;0;0;0;0
258;9;7388;4520;7388;2868
258;10;486;236;486;236
259;1;1597;1597;1480;0
259;2;6781;5221;6781;1559
259;3;8284;7056;7914;1228
259;4;15650;11648;15823;4063
259;5;1876;1876;1781;0
259;6;0;0;0;0
259;7;394;394;394;0
259;8;0;0;0;0
259;9;1316;812;1340;528
259;10;0;0;0;0
260;1;1619;1382;1619;237
260;2;2787;2077;2787;709
260;3;29189;25747;29514;3443
260;4;20122;11663;20122;8459
260;5;1553;714;1090;839
260;6;2407;1544;2467;863
260;7;4041;2313;4504;2192
260;8;0;0;0;0
260;9;2068;1651;2068;417
260;10;0;0;0;0
261;1;3700;1844;3922;2078
261;2;12981;7615;12544;5366
261;3;20913;11850;21670;8840
261;4;30704;16307;30704;14397
261;5;3268;1693;3268;1574
261;6;2489;708;2584;1876
261;7;6078;2086;6078;3992
261;8;1135;568;1135;568
261;9;2709;2039;2709;670
261;10;0;0;0;0
262;1;15958;12163;16772;3795
262;2;6797;5829;3809;968
262;3;9897;6843;10718;3054
262;4;28523;17032;28523;11491
262;5;2599;1967;2599;632
262;6;5114;4220;5104;894
262;7;4608;3000;5017;2017
262;8;0;0;0;0
262;9;165;165;1152;987
262;10;0;0;0;0
263;1;11483;6245;11483;5238
263;2;8141;4189;8141;3952
263;3;22481;14623;20981;8393
263;4;40054;18899;39991;22332
263;5;3131;1597;4633;1589
263;6;5142;3316;4680;1364
263;7;3913;1337;3119;2609
263;8;0;0;0;0
263;9;1260;1099;1543;444
263;10;0;0;0;0
264;1;6397;781;6852;6071
264;2;13756;7447;12764;7318
264;3;38892;25650;38970;14814
264;4;36492;20357;36094;16305
264;5;5867;2233;5426;3634
264;6;654;0;654;654
264;7;1836;668;2277;1728
264;8;0;0;0;0
264;9;10847;2304;10847;8543
264;10;1591;1591;1591;1591
265;1;4707;2814;4609;3264
265;2;11397;7437;11397;4221
265;3;17406;8942;17181;9008
265;4;32162;16473;31774;15719
265;5;2769;944;2769;1824
265;6;3686;1641;3892;2349
265;7;1437;423;1414;1014
265;8;705;705;705;0
265;9;5848;3234;5848;2614
265;10;1730;1730;1730;1730
266;1;1629;1316;1490;314
266;2;1430;805;1430;625
266;3;6996;5183;6787;2147
266;4;13199;7211;13558;5988
266;5;525;404;241;121
266;6;1051;999;1051;52
266;7;1266;1266;1063;0
266;8;0;0;0;0
266;9;1190;1190;1474;0
266;10;0;0;0;0
267;1;5369;1446;5751;4305
267;2;6557;3342;8223;5201
267;3;11637;5406;12156;7164
267;4;20530;10165;20654;10855
267;5;399;124;399;275
267;6;2332;1802;2332;530
267;7;6662;2108;4996;4554
267;8;989;0;989;989
267;9;2022;1011;2022;1011
267;10;320;320;320;320
268;1;1724;497;1734;1227
268;2;2485;1183;2485;1828
268;3;10164;4883;9959;5905
268;4;8176;4302;8269;4594
268;5;2399;1161;2415;1725
268;6;1843;1090;1758;787
268;7;303;303;269;0
268;8;0;0;0;0
268;9;1238;600;1306;637
268;10;370;370;396;370
269;1;2105;766;2611;1845
269;2;5102;3174;4926;2116
269;3;24641;8229;21800;15656
269;4;13503;9657;13477;3850
269;5;5765;1720;6015;4080
269;6;990;958;839;154
269;7;4570;3195;4920;1648
269;8;0;0;0;0
269;9;1888;1377;1888;511
269;10;1125;1125;1399;477
270;1;968;473;2149;1676
270;2;1308;401;1922;1603
270;3;11264;4677;9007;6690
270;4;4786;2359;4652;2468
270;5;1595;519;1595;1077
270;6;1131;619;1316;559
270;7;2395;800;2406;1644
270;8;251;0;251;251
270;9;544;127;516;316
270;10;118;118;520;520
271;1;525;0;525;525
271;2;656;0;656;656
271;3;9352;0;12071;12071
271;4;420;420;0;0
271;5;784;784;0;0
271;6;0;0;0;0
271;7;1864;0;911;911
271;8;0;0;0;0
271;9;1079;69;1103;1103
271;10;402;402;0;0
272;1;1614;771;1521;843
272;2;1740;835;1927;905
272;3;18094;6962;18053;11593
272;4;14057;7679;13921;6378
272;5;1026;972;1032;53
272;6;1162;788;1162;374
272;7;1582;961;1480;634
272;8;0;0;0;0
272;9;1188;775;1188;413
272;10;214;214;214;103
273;1;4243;1525;4417;2962
273;2;10853;4965;10853;5888
273;3;33386;25901;32129;7843
273;4;32424;19524;33312;13814
273;5;407;183;809;626
273;6;3694;2611;4413;1802
273;7;2168;1690;1767;478
273;8;0;0;0;0
273;9;959;959;959;727
273;10;356;245;182;182
274;1;3018;1037;3018;2007
274;2;7255;4299;6366;2956
274;3;40055;12073;43266;34734
274;4;22976;8768;21429;14866
274;5;7013;2150;6868;4717
274;6;4114;1764;4114;2350
274;7;4617;3035;5238;2203
274;8;126;0;126;126
274;9;7410;2229;7512;5283
274;10;553;553;751;751
275;1;1722;1215;1722;694
275;2;5327;2769;5327;2557
275;3;22588;11306;22446;11997
275;4;27939;12307;27734;16522
275;5;2538;2372;2538;165
275;6;6326;3211;6326;3349
275;7;4612;96;4820;4725
275;8;0;0;0;0
275;9;3995;405;4976;3816
275;10;224;187;426;426
276;1;8320;6070;7509;2769
276;2;16396;11527;16069;4869
276;3;38220;32705;37675;7441
276;4;55249;35910;55839;20217
276;5;7338;6256;10265;1026
276;6;8176;7857;4132;319
276;7;4614;2280;5880;3049
276;8;0;0;0;0
276;9;3160;2506;3462;2108
276;10;574;574;604;604
277;1;1975;1595;379;379
277;2;2961;1346;2963;2261
277;3;21978;11948;23038;10589
277;4;26095;14992;25621;11134
277;5;991;381;1024;643
277;6;1572;1572;1572;0
277;7;3919;2735;5595;1265
277;8;0;0;0;0
277;9;10380;4669;10349;5711
277;10;0;0;0;0
278;1;5350;4063;5445;1287
278;2;15495;10904;15124;4689
278;3;49039;38838;48355;10819
278;4;69354;37968;69014;33458
278;5;6409;3533;5675;2856
278;6;8703;7967;8445;736
278;7;9580;6779;8146;3482
278;8;495;495;495;0
278;9;15217;8626;16723;7414
278;10;320;320;1858;320
279;1;4971;4825;5131;146
279;2;10059;8256;10573;1810
279;3;20689;19434;20018;1483
279;4;29371;17760;30206;11841
279;5;1622;1055;1299;561
279;6;3201;1985;3201;1216
279;7;2863;2674;2874;1356
279;8;0;0;0;0
279;9;4007;3362;4365;946
279;10;0;0;0;0
280;1;7042;944;6257;5313
280;2;5436;2025;4582;2928
280;3;17441;6145;21500;16113
280;4;19051;6988;18507;12460
280;5;3330;1938;3330;1391
280;6;1320;0;1294;1294
280;7;1552;171;1552;1382
280;8;123;0;123;123
280;9;820;0;820;820
280;10;1122;958;164;164
281;1;861;391;861;470
281;2;10211;4121;10583;6461
281;3;16932;9181;17925;8451
281;4;18441;9108;17627;9333
281;5;4850;1400;4850;3450
281;6;4219;1448;4128;2679
281;7;1512;352;1312;1160
281;8;294;294;294;0
281;9;1186;745;1186;441
281;10;1506;753;1506;753
282;1;1718;811;1718;906
282;2;11010;5187;11010;5824
282;3;14437;6489;15534;8568
282;4;15455;7731;14720;7724
282;5;3855;2495;3855;1359
282;6;3981;3751;4020;230
282;7;4308;635;4312;3758
282;8;0;0;0;0
282;9;2509;978;2181;1531
282;10;0;0;0;0
283;1;1469;699;3064;2365
283;2;1520;922;1701;779
283;3;8990;6616;7762;2374
283;4;6038;4213;5958;2077
283;5;797;797;797;0
283;6;1343;613;1305;692
283;7;2336;1952;527;171
283;8;0;0;0;0
283;9;559;0;559;559
283;10;164;164;1024;861
284;1;3843;2856;3116;1130
284;2;5967;5167;5967;800
284;3;23250;17267;23250;5984
284;4;27538;6789;27538;20749
284;5;1398;957;1398;441
284;6;1370;519;1383;1099
284;7;1337;1337;1337;0
284;8;0;0;0;0
284;9;3651;2317;4378;1334
284;10;143;143;143;143
285;1;7580;6288;7627;1339
285;2;4179;3140;4179;1039
285;3;32060;27540;30381;4084
285;4;48151;36312;47916;12204
285;5;1012;363;1012;650
285;6;2026;1020;2026;1006
285;7;1288;1167;2067;122
285;8;0;0;0;0
285;9;2127;249;2127;1878
285;10;0;0;0;0
286;1;5842;850;6083;5233
286;2;6940;841;7269;6419
286;3;13876;3366;13936;10560
286;4;9645;2563;9332;7082
286;5;2308;826;2308;1482
286;6;481;339;539;142
286;7;716;345;716;372
286;8;0;0;0;0
286;9;1690;477;1636;1213
286;10;0;0;0;0
287;1;2776;991;4849;3858
287;2;5652;404;5957;5729
287;3;22294;10608;21992;12167
287;4;15757;10003;13717;6131
287;5;2781;0;2781;2781
287;6;1895;1461;1895;428
287;7;2502;1466;2461;1037
287;8;0;0;0;0
287;9;3140;2449;3140;691
287;10;630;630;630;630
288;1;675;527;522;147
288;2;710;585;529;125
288;3;12289;5815;13589;8812
288;4;33465;5619;32882;28282
288;5;1452;1431;1731;21
288;6;1656;580;1364;1063
288;7;780;333;695;447
288;8;0;0;0;0
288;9;2035;650;2035;1641
288;10;486;486;486;486
289;1;1804;765;2473;1709
289;2;4004;1794;3884;2210
289;3;25345;13339;26339;12525
289;4;39816;19536;39169;20859
289;5;6582;1557;5999;5024
289;6;4495;1113;4774;3660
289;7;1390;1043;1326;347
289;8;0;0;0;0
289;9;1524;709;1524;815
289;10;147;0;267;267
290;1;2095;1706;1425;389
290;2;2320;1203;2320;1117
290;3;26617;18899;26042;8131
290;4;24791;13004;25285;12492
290;5;2099;2099;2099;0
290;6;3166;2648;3166;501
290;7;1635;1126;936;509
290;8;0;0;0;0
290;9;6817;6670;6713;147
290;10;147;147;147;0
291;1;3437;3437;3437;0
291;2;4638;3137;4638;1799
291;3;24991;18231;23001;6850
291;4;37166;22142;38317;15343
291;5;4054;1352;4054;2952
291;6;4161;2204;4161;1957
291;7;2705;0;2705;2705
291;8;0;0;0;0
291;9;6444;3132;6444;3312
291;10;0;0;0;0
292;1;1125;1125;1125;0
292;2;3116;3116;3116;0
292;3;26892;19221;27419;8213
292;4;50704;27455;50704;23348
292;5;1649;1649;1649;0
292;6;849;849;849;0
292;7;913;0;913;913
292;8;765;0;793;793
292;9;75;0;75;75
292;10;0;0;0;0
293;1;225;225;225;0
293;2;2735;1820;2902;1083
293;3;26991;17125;27132;9866
293;4;30970;16864;30970;14106
293;5;3547;2313;3547;1235
293;6;3410;2711;3410;699
293;7;1589;0;2288;2288
293;8;37;0;37;37
293;9;4178;2773;4178;1406
293;10;0;0;0;0
294;1;2485;2485;2485;0
294;2;9688;6557;9688;3131
294;3;21574;16357;20088;5217
294;4;58217;27526;58217;30692
294;5;4622;794;4622;3828
294;6;1510;1510;3033;0
294;7;2147;1852;2786;295
294;8;0;0;0;0
294;9;5302;4567;4513;735
294;10;0;0;0;0
295;1;4824;4218;4081;606
295;2;6740;5291;6089;1448
295;3;37304;25595;35445;12297
295;4;82072;46560;84277;36448
295;5;3975;3975;3975;0
295;6;2169;2169;2169;0
295;7;3314;3022;2325;292
295;8;0;0;0;0
295;9;1966;662;1304;1304
295;10;0;0;0;0
296;1;59;0;59;59
296;2;1167;1167;1167;0
296;3;3304;2505;3191;699
296;4;2819;1184;2819;1635
296;5;484;484;484;0
296;6;0;0;0;0
296;7;292;0;292;292
296;8;0;0;0;0
296;9;47;47;47;0
296;10;0;0;0;0
297;1;165;165;165;0
297;2;624;0;624;624
297;3;2694;1430;2230;1455
297;4;2874;2090;3013;784
297;5;215;215;215;0
297;6;0;0;0;0
297;7;111;55;111;55
297;8;0;0;0;0
297;9;789;30;1117;1087
297;10;0;0;0;0
298;1;4784;3612;3572;1172
298;2;13110;6488;12790;7338
298;3;49573;30920;47163;17635
298;4;118942;60043;120199;58909
298;5;5297;2663;5601;2884
298;6;10434;6879;8941;2033
298;7;3061;2301;1690;121
298;8;2579;1562;2579;1018
298;9;4735;2674;4721;2047
298;10;142;142;142;142
299;1;82;0;214;82
299;2;924;924;792;0
299;3;3929;3389;3918;540
299;4;3355;2648;3355;707
299;5;340;128;340;212
299;6;149;149;149;0
299;7;34;0;34;34
299;8;0;0;0;0
299;9;26;26;84;0
299;10;0;0;0;0
300;1;0;0;0;0
300;2;0;0;0;0
300;3;102;0;102;102
300;4;10;0;10;10
300;5;0;0;0;0
300;6;0;0;0;0
300;7;0;0;0;0
300;8;0;0;0;0
300;9;0;0;0;0
300;10;0;0;0;0
301;1;10940;1874;11218;10258
301;2;19979;5648;20658;16687
301;3;82838;12400;85827;79264
301;4;33367;8663;32311;25598
301;5;5297;2773;5342;2873
301;6;3684;897;3620;2780
301;7;6573;1536;7187;5651
301;8;544;0;544;544
301;9;3707;1060;3594;2554
301;10;5273;5100;4369;4369
302;1;2620;1578;2788;1246
302;2;4531;139;4659;4596
302;3;24188;4243;24681;21078
302;4;5515;3533;4852;1981
302;5;1998;1569;1426;429
302;6;5150;265;5150;4962
302;7;2537;1371;2241;1317
302;8;0;0;0;0
302;9;3548;425;4197;3695
302;10;240;240;169;169
303;1;1602;1042;1602;560
303;2;10607;2219;11018;8892
303;3;22827;6426;23286;18142
303;4;21373;6162;20908;15395
303;5;6919;694;6411;6224
303;6;7442;116;8202;8086
303;7;3255;511;3270;3006
303;8;0;0;0;0
303;9;3324;478;3325;2962
303;10;1268;1268;1102;1102
304;1;2330;409;2330;2190
304;2;3592;873;3557;2719
304;3;23126;4117;23398;19263
304;4;15173;3369;14727;11777
304;5;1879;400;1879;1411
304;6;1242;380;1239;862
304;7;1952;720;2127;1477
304;8;619;0;619;619
304;9;3485;667;3501;2902
304;10;269;269;303;303
305;1;2711;1282;2711;1429
305;2;15304;11415;15023;3647
305;3;41929;26719;40623;15902
305;4;56055;27389;55107;29288
305;5;2756;1788;3199;957
305;6;5286;454;4832;4832
305;7;871;418;871;454
305;8;0;0;0;0
305;9;3254;855;3362;2507
305;10;299;299;855;0
306;1;6210;4609;6760;2752
306;2;13348;6498;12162;6058
306;3;51853;43261;49876;8592
306;4;69808;37617;70931;34775
306;5;5873;3069;5873;2804
306;6;5854;4102;6733;2101
306;7;7494;5869;6615;1888
306;8;0;0;0;0
306;9;6420;4750;5844;1975
306;10;869;869;869;576
307;1;8683;6517;10787;2166
307;2;14008;11467;12009;2540
307;3;20280;16112;18445;4168
307;4;23160;14243;24238;9451
307;5;2260;2084;2260;176
307;6;9538;9100;9538;438
307;7;477;0;477;477
307;8;0;0;0;0
307;9;1566;460;1566;1215
307;10;293;0;293;293
308;1;4911;4530;4911;381
308;2;18961;13406;18961;5555
308;3;42958;33204;42515;9810
308;4;57656;33125;57656;24531
308;5;698;698;698;0
308;6;5407;3416;5407;1991
308;7;777;714;1814;1100
308;8;619;619;619;0
308;9;989;0;996;996
308;10;0;0;0;0
309;1;712;712;712;0
309;2;2483;2091;2220;392
309;3;14940;12217;15635;2796
309;4;40202;21455;39742;20049
309;5;1481;958;1818;517
309;6;3099;2654;3025;445
309;7;263;263;263;0
309;8;0;0;0;0
309;9;4138;3094;4138;1354
309;10;0;0;0;0
310;1;3376;3039;3168;337
310;2;5552;4669;5524;883
310;3;19489;17425;17228;2065
310;4;35139;19647;35139;15492
310;5;1427;556;1436;880
310;6;1539;1454;1530;85
310;7;445;260;445;185
310;8;0;0;0;0
310;9;2673;2041;2921;631
310;10;0;0;0;0
311;1;180;180;180;0
311;2;3493;2614;4285;1672
311;3;10127;6083;9715;4044
311;4;12935;6487;13277;6448
311;5;1527;1341;1694;186
311;6;1805;695;1632;1120
311;7;717;616;717;102
311;8;0;0;0;0
311;9;1167;986;1167;181
311;10;0;0;0;0
312;1;5873;4508;5690;1365
312;2;15010;12340;14974;2635
312;3;35628;23706;35162;13538
312;4;49025;23759;48717;25652
312;5;2918;1136;2586;1450
312;6;5999;1277;5457;4180
312;7;3326;742;4204;3463
312;8;0;0;0;0
312;9;1385;193;1385;1191
312;10;0;0;0;0
313;1;1702;1024;1702;679
313;2;6418;1667;7822;4751
313;3;16449;9966;15648;6914
313;4;41897;16409;44322;28283
313;5;3612;1564;4105;2488
313;6;1162;933;892;229
313;7;5654;3442;5304;4397
313;8;159;0;159;159
313;9;2837;1823;2954;2577
313;10;624;624;624;624
314;1;1124;1124;1124;0
314;2;3851;790;3693;3061
314;3;9167;7129;9297;2531
314;4;12431;6971;12418;5460
314;5;2627;933;2627;1695
314;6;2926;1255;2926;1671
314;7;1190;1143;860;47
314;8;0;0;0;0
314;9;2093;1331;2093;761
314;10;272;272;272;272
315;1;1856;1856;1856;0
315;2;4159;3032;4159;1127
315;3;34840;24735;33540;10301
315;4;59016;26394;58696;32674
315;5;6530;6103;7118;1015
315;6;5278;3031;6476;2247
315;7;2570;2337;3850;233
315;8;0;0;0;0
315;9;3848;1772;3848;2076
315;10;0;0;0;0
316;1;6625;5780;6640;845
316;2;14368;12200;14351;2412
316;3;42540;30832;41862;11688
316;4;57866;34065;58749;24941
316;5;3676;3239;3087;437
316;6;4435;2659;4435;1776
316;7;357;0;946;357
316;8;0;0;0;0
316;9;6784;5062;6529;1721
316;10;0;0;0;0
317;1;977;523;1616;1104
317;2;3500;732;3525;2932
317;3;21508;4611;22869;18892
317;4;7739;5568;5964;2232
317;5;1139;508;1193;631
317;6;2870;364;2816;2506
317;7;1127;371;1196;760
317;8;0;0;0;0
317;9;2459;1024;1737;1397
317;10;311;311;136;136
318;1;966;89;965;877
318;2;849;245;859;655
318;3;8188;669;7948;7290
318;4;1860;900;1773;1098
318;5;314;154;313;160
318;6;2766;164;2745;2603
318;7;531;211;679;341
318;8;0;0;0;0
318;9;780;100;716;611
318;10;47;47;47;0
319;1;986;494;1525;1031
319;2;2616;450;2946;2658
319;3;18731;5754;19845;14055
319;4;10095;7825;9027;2625
319;5;2672;1425;2729;1304
319;6;1330;1026;1160;303
319;7;3903;800;4066;3103
319;8;0;0;0;0
319;9;2573;1774;2676;799
319;10;165;165;165;165
320;1;245;215;245;30
320;2;3267;655;3054;2612
320;3;19529;2877;19043;16785
320;4;11442;3424;11721;8879
320;5;1562;991;1523;571
320;6;2308;351;2380;2128
320;7;1303;698;1462;863
320;8;0;0;0;0
320;9;534;465;518;69
320;10;0;0;213;213
321;1;4317;3305;4166;1012
321;2;14877;10956;14688;4284
321;3;33776;27762;33126;6391
321;4;39532;22168;40614;17673
321;5;3170;2802;3170;368
321;6;4040;2296;3813;1744
321;7;6612;3614;7190;2998
321;8;158;158;158;0
321;9;4182;3261;4196;1212
321;10;206;206;206;206
322;1;2662;877;2813;1785
322;2;6913;2735;7167;4212
322;3;29251;13689;28765;16692
322;4;31393;19579;32289;13832
322;5;3897;929;3747;2968
322;6;2466;1660;2305;806
322;7;3365;2820;3125;518
322;8;0;0;0;0
322;9;2010;705;2181;1267
322;10;379;379;813;813
323;1;3770;1311;3474;2459
323;2;7436;3386;6865;4050
323;3;32443;22017;33213;10900
323;4;31707;17901;31746;13974
323;5;2682;1586;2682;1096
323;6;2151;2013;2151;473
323;7;4783;2004;4973;2994
323;8;0;0;0;0
323;9;1206;437;774;661
323;10;111;0;111;0
324;1;1639;841;1639;797
324;2;7530;5495;7530;2035
324;3;32998;28561;33685;5783
324;4;38957;24130;39711;16313
324;5;2660;1324;2672;1336
324;6;6335;5693;5625;642
324;7;1617;555;2625;1061
324;8;0;0;0;0
324;9;4910;2948;4910;1963
324;10;0;0;0;0
325;1;3280;2858;2704;422
325;2;4980;2796;4696;1924
325;3;32133;25027;31177;8377
325;4;38029;16910;38008;23423
325;5;1032;0;1032;1032
325;6;1590;1351;2599;1247
325;7;9459;7008;8207;4478
325;8;0;0;0;0
325;9;1871;576;3311;1588
325;10;302;302;353;353
326;1;990;921;990;69
326;2;4816;3962;7349;3387
326;3;19659;12324;19436;8090
326;4;41405;20809;40387;22340
326;5;1336;583;1690;1377
326;6;4355;864;4625;3761
326;7;576;0;576;576
326;8;0;0;0;0
326;9;5256;2564;4616;2692
326;10;51;51;0;0
327;1;4090;4090;1503;0
327;2;5335;5193;2854;142
327;3;15146;12150;17638;3559
327;4;29530;17683;30364;14283
327;5;2267;1932;2927;797
327;6;4733;4733;3564;1567
327;7;4922;2437;4922;2485
327;8;584;584;584;0
327;9;7102;4456;10731;1718
327;10;0;0;0;0
328;1;1359;1254;1216;105
328;2;3664;1732;3784;2168
328;3;14156;9375;14452;6961
328;4;8910;7841;8484;1076
328;5;1562;1011;1562;551
328;6;897;897;897;0
328;7;1477;1325;1566;152
328;8;0;0;0;0
328;9;789;700;874;88
328;10;326;270;162;57
329;1;1383;1225;1383;158
329;2;1104;1104;714;0
329;3;10462;5839;11237;5343
329;4;11337;6357;11658;5458
329;5;857;556;522;301
329;6;328;279;663;384
329;7;1911;1025;1911;886
329;8;0;0;0;0
329;9;2733;2676;694;57
329;10;394;394;0;0
330;1;2302;560;2692;2251
330;2;5481;1530;5242;3712
330;3;20816;9128;20457;11682
330;4;20224;9821;20383;11795
330;5;2172;842;2172;1351
330;6;927;692;927;235
330;7;2596;1694;2311;902
330;8;0;0;0;0
330;9;2618;772;2709;1970
330;10;365;0;651;651
331;1;4377;3466;4377;911
331;2;5524;2855;5524;2668
331;3;13643;9640;12146;5069
331;4;13080;8679;14953;5618
331;5;114;0;114;114
331;6;398;398;0;0
331;7;990;383;1397;1014
331;8;41;0;41;41
331;9;1241;598;1241;989
331;10;423;423;423;161
332;1;1317;1021;1317;788
332;2;11578;7126;12056;4849
332;3;16207;10919;16033;4796
332;4;20207;12283;19354;7924
332;5;4088;2575;4088;1513
332;6;1547;1193;1547;354
332;7;431;431;224;0
332;8;0;0;0;0
332;9;2895;2793;3654;102
332;10;0;0;0;0
333;1;2367;0;2367;2367
333;2;6040;4168;6040;1872
333;3;13248;9100;12662;4348
333;4;23219;12378;23219;10841
333;5;1229;751;1229;478
333;6;415;415;332;0
333;7;0;0;0;0
333;8;0;0;0;0
333;9;1751;598;1771;1403
333;10;220;220;220;220
334;1;1985;751;1985;1235
334;2;4209;3361;4623;1459
334;3;7389;4856;7389;2533
334;4;12080;7626;11880;4454
334;5;1407;1103;1136;303
334;6;1820;1049;1820;765
334;7;1094;547;1094;547
334;8;0;0;0;0
334;9;964;738;1005;226
334;10;0;0;0;0
335;1;2819;1879;2264;939
335;2;4038;2805;3976;1233
335;3;17144;12953;16209;4113
335;4;17209;9656;17339;7615
335;5;2354;583;2618;2042
335;6;2307;1732;2307;575
335;7;1002;452;1002;550
335;8;0;0;0;0
335;9;3682;1394;4136;2267
335;10;0;0;0;0
336;1;777;499;777;278
336;2;3005;3005;3464;0
336;3;15140;9651;15156;5571
336;4;22612;18095;22370;4965
336;5;1289;775;1289;514
336;6;3469;3170;2030;299
336;7;381;279;371;102
336;8;0;0;0;0
336;9;5437;5212;4530;213
336;10;0;0;0;0
337;1;2348;2348;2348;0
337;2;4657;3995;4549;662
337;3;22873;14946;24450;8628
337;4;30588;19247;31101;13160
337;5;1322;857;1163;466
337;6;2012;1470;759;542
337;7;1962;1422;2470;1048
337;8;0;0;0;0
337;9;5199;2998;5894;2605
337;10;55;55;0;0
338;1;1224;1122;1056;103
338;2;2274;1009;2693;1265
338;3;13929;9116;12861;5431
338;4;14500;5575;16161;11196
338;5;632;194;764;764
338;6;395;395;395;0
338;7;2888;2888;1859;36
338;8;0;0;0;0
338;9;1219;509;1510;1037
338;10;188;188;188;188
339;1;3283;1223;3283;2060
339;2;7815;3230;7815;4584
339;3;21297;12760;22339;9908
339;4;15556;10219;16343;5750
339;5;736;228;852;624
339;6;1196;844;1196;352
339;7;519;278;483;242
339;8;0;0;0;0
339;9;2445;1572;977;863
339;10;0;0;0;0
340;1;16;0;16;16
340;2;1571;456;1115;1115
340;3;28113;2600;27904;27904
340;4;31327;1414;33300;33300
340;5;98;94;4;4
340;6;1973;391;1582;1582
340;7;1235;331;1001;1001
340;8;0;0;0;0
340;9;1625;401;1952;1952
340;10;998;998;931;931
341;1;1108;222;1345;1122
341;2;5438;775;6324;5890
341;3;12619;3861;12390;10129
341;4;5007;3152;4105;3252
341;5;2587;555;2529;2032
341;6;1351;44;1364;1320
341;7;895;371;1018;658
341;8;41;41;41;0
341;9;3565;1185;2933;2816
341;10;268;268;268;268
342;1;1413;1413;1008;1008
342;2;1318;223;2157;1810
342;3;5460;3926;4845;1774
342;4;9962;3554;9502;6558
342;5;1173;934;1192;594
342;6;959;758;535;201
342;7;1870;1144;1858;726
342;8;0;0;0;0
342;9;2009;917;1868;608
342;10;0;0;456;120
343;1;1124;0;1124;1124
343;2;3083;2250;3083;833
343;3;18445;9020;18315;10684
343;4;20060;10464;18628;11690
343;5;3037;1200;3037;2005
343;6;1909;1102;3448;2346
343;7;957;381;957;575
343;8;0;0;0;0
343;9;1010;191;1599;1408
343;10;303;303;303;303
